household_id,state,husband_age,husband_health_insurance,husband_total_income,wife_age,wife_health_insurance,wife_total_income
155700,Oregon,66,with,56600,62,with,38700
1281432,Oregon,88,with,37000,84,with,17100
1431167,Oregon,38,with,20000,38,with,3400
685872,Oregon,56,with,17400,49,without,12000
311692,Oregon,42,with,115000,42,with,0
855397,Oregon,78,with,21000,78,with,6000
1407179,Oregon,42,with,110000,43,with,62000
974962,Oregon,33,with,63000,28,with,0
986499,Oregon,62,with,38000,62,with,19000
1357404,Oregon,55,with,12000,53,with,10000
912762,Oregon,47,with,200000,41,with,0
355994,Oregon,68,with,90200,68,with,15000
1266397,Oregon,82,with,46550,77,with,45900
1278782,Oregon,54,with,66000,51,with,64300
296098,Oregon,63,with,56200,57,with,41000
1080155,Oregon,57,with,36000,54,with,8500
1409235,Oregon,62,with,23200,63,with,138000
366632,Oregon,36,with,49000,27,with,0
772154,Oregon,68,with,85000,69,with,130000
120070,Oregon,57,with,75000,54,with,14000
432412,Oregon,49,with,60000,47,without,17000
1241380,Oregon,23,with,22000,24,with,0
1446412,Oregon,87,with,38170,89,with,9200
1204026,Oregon,56,with,38900,54,with,0
1322643,Oregon,47,with,104000,44,with,117000
1330809,Oregon,63,with,2800,47,with,200000
877559,Oregon,46,with,1500,48,with,2000
111601,Oregon,61,with,406000,59,with,10000
131308,Oregon,48,with,6000,57,with,104400
988899,Oregon,73,with,152000,71,with,62000
1327213,Oregon,53,with,3100,47,with,23800
1213627,Oregon,54,with,64000,53,with,39500
1192759,Oregon,75,with,33900,72,with,9100
1434032,Oregon,62,with,44100,63,with,19800
39420,Oregon,34,with,44000,35,with,71000
118265,Oregon,63,with,19500,60,with,20000
1023042,Oregon,34,with,85000,32,with,14400
118519,Oregon,59,with,119000,69,with,7100
1520620,Oregon,37,without,30000,30,without,0
520809,Oregon,58,with,12000,47,with,14000
103693,Oregon,32,with,17000,38,with,0
786850,Oregon,59,with,118000,57,with,28000
879422,Oregon,42,with,170000,43,with,1300
887343,Oregon,59,with,30000,59,with,30000
1437481,Oregon,70,with,30870,66,with,81200
967310,Oregon,41,with,150000,37,with,59000
1064632,Oregon,36,with,35000,29,with,40000
1457003,Oregon,52,with,153000,51,with,90400
112665,Oregon,76,with,23100,77,with,0
91507,Oregon,44,with,4000,42,with,410000
1185205,Oregon,45,with,85000,44,with,22000
618338,Oregon,71,with,87000,66,with,14000
581096,Oregon,68,with,98000,65,with,89200
321705,Oregon,72,with,60100,68,with,9100
721951,Oregon,52,with,88000,50,with,0
1328361,Oregon,52,without,47500,47,without,2000
575724,Oregon,27,with,130000,25,with,0
854915,Oregon,47,with,68000,53,with,120000
608353,Oregon,76,with,51400,73,with,13400
12602,Oregon,52,with,38000,47,with,12000
1055395,Oregon,58,with,62000,57,with,49100
41501,Oregon,76,with,25300,69,with,69100
321349,Oregon,88,with,99800,80,with,14200
927357,Oregon,67,with,42100,67,with,30000
572893,Oregon,71,with,32400,68,with,12000
968534,Oregon,30,with,44000,32,with,21000
953663,Oregon,63,with,255000,65,with,1000
475271,Oregon,75,with,87000,76,with,0
720954,Oregon,53,with,80000,51,with,20000
1132289,Oregon,42,with,67200,35,with,0
445330,Oregon,82,with,46800,81,with,9500
401413,Oregon,45,with,48400,39,with,24000
1491211,Oregon,56,with,38000,60,with,37000
306352,Oregon,71,with,19000,62,with,28000
375354,Oregon,66,with,48730,54,with,36800
1493741,Oregon,50,with,69000,54,with,27700
1094174,Oregon,52,with,32000,46,with,26000
688609,Oregon,60,with,60000,53,with,171000
1153284,Oregon,65,with,12200,65,with,10800
1470642,Oregon,44,with,59000,42,with,80000
419831,Oregon,64,with,255000,59,with,10000
348073,Oregon,44,with,406000,43,with,45000
1510986,Oregon,75,with,47300,74,with,64100
1100272,Oregon,72,with,51640,63,with,13100
148349,Oregon,83,with,229000,83,with,18000
129919,Oregon,67,with,87600,67,with,12100
1126921,Oregon,62,with,55000,65,with,45000
753034,Oregon,47,with,418000,45,with,12000
858336,Oregon,70,with,3900,56,with,0
1034066,Oregon,74,with,22900,69,with,6200
196052,Oregon,28,with,55000,23,with,34000
659838,Oregon,73,with,69500,72,with,7000
1016258,Oregon,59,with,80000,58,with,0
551698,Oregon,78,with,32700,73,with,57200
718826,Oregon,52,with,0,49,with,33900
920329,Oregon,55,with,7000,55,with,13000
1258892,Oregon,52,with,160000,49,with,4500
166470,Oregon,64,with,31600,67,with,5400
1268506,Oregon,49,with,20200,50,with,9000
1051803,Oregon,91,with,22200,89,with,6000
866450,Oregon,56,with,65000,48,with,42600
1512573,Oregon,61,with,205000,62,with,0
521505,Oregon,64,with,78000,62,with,78000
736132,Oregon,45,with,35400,44,with,1200
1070664,Oregon,49,with,40300,41,with,44600
1205124,Oregon,39,without,15000,38,without,16900
588705,Oregon,40,with,120000,41,with,65000
848923,Oregon,51,with,120000,52,with,31600
10436,Oregon,48,with,93000,47,with,4900
1492907,Oregon,55,with,34400,58,with,26000
1484048,Oregon,58,with,50000,41,with,35300
28661,Oregon,60,with,60000,54,with,35000
380333,Oregon,58,with,49000,57,with,40000
952420,Oregon,60,with,39500,60,with,30000
710991,Oregon,75,with,17900,74,with,11700
338096,Oregon,48,with,0,51,with,13300
1049798,Oregon,29,with,55400,30,with,30000
128005,Oregon,39,with,53000,34,with,28000
766862,Oregon,47,with,47300,41,with,6700
373902,Oregon,37,with,25000,37,with,92000
583046,Oregon,30,with,27000,23,with,0
415066,Oregon,72,with,18600,73,with,10700
1263483,Oregon,75,with,76300,75,with,7000
327469,Oregon,58,with,60000,52,with,41800
567810,Oregon,45,with,14000,38,with,16000
1486714,Oregon,74,with,32800,71,with,13100
1255789,Oregon,74,with,57000,70,with,9000
333740,Oregon,49,with,90800,44,with,75000
467380,Oregon,64,with,50000,60,with,24600
147888,Oregon,51,with,43000,57,with,32000
1500536,Oregon,40,with,96000,41,with,0
272696,Oregon,73,with,30200,68,with,19360
921680,Oregon,61,with,101010,67,with,17900
63524,Oregon,76,with,63000,72,with,15000
529192,Oregon,71,with,22100,58,with,8300
795246,Oregon,35,with,14400,36,with,10000
899410,Oregon,38,without,29000,38,without,0
22543,Oregon,46,with,75000,44,with,30000
273488,Oregon,60,with,409000,65,with,7700
687776,Oregon,49,with,0,47,with,23000
1186444,Oregon,25,without,30000,22,with,5000
313649,Oregon,67,with,23400,63,with,21700
1093216,Oregon,61,with,80000,57,with,48000
1366017,Oregon,62,with,58600,59,with,56000
79639,Oregon,72,with,76200,70,with,23200
1314689,Oregon,42,without,36000,45,without,36000
1130776,Oregon,41,without,24000,39,with,19000
226305,Oregon,54,with,12000,51,with,13400
759207,Oregon,63,with,62000,57,with,0
997033,Oregon,45,with,73000,43,with,20000
1001734,Oregon,69,with,65300,64,with,9500
22399,Oregon,40,with,60000,38,with,13000
159677,Oregon,48,with,90000,47,with,9000
10517,Oregon,48,with,38000,40,with,52000
510733,Oregon,80,with,14800,76,with,58200
131028,Oregon,73,with,55050,70,with,25500
64504,Oregon,63,with,20000,62,with,0
827233,Oregon,65,with,255100,65,with,27000
849303,Oregon,74,with,97500,75,with,0
176488,Oregon,61,with,20600,57,with,28100
797705,Oregon,64,with,3700,60,with,34000
958266,Oregon,70,with,12100,70,with,42000
1155947,Oregon,73,with,19010,66,with,8810
711537,Oregon,94,with,16800,84,with,9000
491087,Oregon,74,with,35400,73,with,11800
773011,Oregon,35,with,47500,34,with,64000
514559,Oregon,54,with,50000,53,with,0
1183898,Oregon,38,with,45000,38,with,54500
693790,Oregon,47,with,70000,47,with,75000
1410288,Oregon,70,with,56000,67,with,17900
570931,Oregon,34,with,51000,33,with,0
995158,Oregon,37,with,164000,35,with,4000
1083980,Oregon,46,without,36000,44,without,2500
26560,Oregon,55,with,56300,50,with,59000
783272,Oregon,76,with,51200,65,with,5830
177342,Oregon,85,with,20500,83,with,17300
465216,Oregon,49,with,406000,49,with,14000
799732,Oregon,36,without,-5600,39,with,9900
1078278,Oregon,74,with,24800,72,with,61800
855918,Oregon,52,with,130200,48,with,191000
1393932,Oregon,43,with,107000,43,with,50000
730667,Oregon,44,with,16000,41,with,38000
705010,Oregon,62,with,300,59,with,20100
1262471,Oregon,50,with,38400,48,with,68000
816827,Oregon,63,with,104200,63,with,44900
1368301,Oregon,38,with,113000,40,with,131000
523229,Oregon,63,with,56100,63,with,36900
670294,Oregon,45,with,30000,45,with,95000
146466,Oregon,31,with,14000,32,with,23000
1104186,Oregon,81,with,28500,76,with,32500
662696,Oregon,68,with,26200,66,with,23900
1496385,Oregon,57,with,62000,62,with,40450
523452,Oregon,55,with,25000,54,with,0
1175138,Oregon,66,with,24800,56,with,4720
382039,Oregon,33,with,200000,33,with,8000
371672,Oregon,30,with,40000,29,with,12000
1199750,Oregon,29,with,35000,29,with,0
866201,Oregon,67,with,73000,68,with,21000
591309,Oregon,64,with,38460,65,with,670
654324,Oregon,56,with,50000,45,with,14700
652222,Oregon,31,with,325180,31,with,58000
479629,Oregon,32,with,255000,31,with,105000
272302,Oregon,53,with,70000,53,with,41000
557845,Oregon,56,with,33200,51,with,30000
164904,Oregon,79,with,58000,76,with,7200
391249,Oregon,48,with,91000,41,with,6400
1412839,Oregon,75,with,42000,64,with,67600
969836,Oregon,48,with,100000,47,with,1
737809,Oregon,65,with,37200,62,with,53400
1043304,Oregon,58,with,200,65,with,11600
522212,Oregon,81,with,27300,77,with,13300
485933,Oregon,78,with,35000,69,with,12000
574828,Oregon,43,with,37000,41,with,55000
296010,Oregon,37,with,140000,33,with,2400
960324,Oregon,40,with,125000,36,with,0
999679,Oregon,37,with,76600,37,with,0
717393,Oregon,39,with,285000,37,with,30000
1334929,Oregon,75,with,63300,74,with,13700
404014,Oregon,50,with,14400,47,with,14400
1172476,Oregon,83,with,64200,72,with,18600
196972,Oregon,68,with,74100,67,with,51100
485685,Oregon,70,with,18600,59,with,29000
729189,Oregon,68,with,53200,68,with,21200
631668,Oregon,40,with,74000,42,with,2500
1048118,Oregon,72,with,62200,61,with,67000
1349870,Oregon,71,with,259000,65,with,0
940471,Oregon,39,with,32200,26,with,0
1308940,Oregon,70,with,52300,69,with,100900
221681,Oregon,56,with,105000,56,with,89000
597559,Oregon,78,with,32900,76,with,10000
1228852,Oregon,69,with,69000,71,with,10400
1404300,Oregon,68,with,48400,66,with,45300
618470,Oregon,78,with,38400,67,with,68000
210548,Oregon,44,with,45000,40,with,3000
11617,Oregon,84,with,51000,79,with,5000
1434394,Oregon,84,with,57500,83,with,34600
408214,Oregon,73,with,77780,69,with,11300
869075,Oregon,70,with,14400,69,with,6800
867709,Oregon,61,with,40000,62,with,87000
430040,Oregon,55,with,18700,55,with,46000
286774,Oregon,62,with,25500,45,without,0
67677,Oregon,67,with,12000,69,with,6100
162948,Oregon,71,with,23700,70,with,39800
288560,Oregon,76,with,55800,75,with,350
1251183,Oregon,60,without,120700,60,without,0
642077,Oregon,44,with,26000,37,with,7800
1210390,Oregon,30,with,12300,38,with,12800
1135603,Oregon,72,with,27000,68,with,27800
1003987,Oregon,70,with,19600,68,with,25000
520870,Oregon,64,with,70000,64,with,18000
27454,Oregon,70,with,45300,62,with,12300
69318,Oregon,33,with,38000,33,with,30000
1027769,Oregon,38,with,64000,35,with,24000
878607,Oregon,45,with,80000,42,with,55000
1514912,Oregon,32,with,3700,33,with,38000
386227,Oregon,64,with,18600,65,with,56300
1107845,Oregon,46,with,100000,43,with,7000
285421,Oregon,83,with,70100,79,with,44000
474696,Oregon,23,with,45000,23,with,36500
1313972,Oregon,41,with,130100,33,with,57100
596679,Oregon,66,with,57000,66,with,15900
1480046,Oregon,72,with,21000,71,with,9600
1377059,Oregon,65,with,48200,65,with,15200
336345,Oregon,35,with,60000,32,with,2000
1163425,Oregon,59,with,82000,59,with,28000
880608,Oregon,47,with,120000,45,with,13000
658738,Oregon,39,with,68000,35,with,30000
835095,Oregon,48,with,63600,60,with,32000
104930,Oregon,77,with,232600,76,with,8500
1171891,Oregon,64,with,59000,66,with,18000
613956,Oregon,39,with,37000,39,with,15200
1512888,Oregon,60,with,25000,60,with,12000
592197,Oregon,42,with,115000,43,with,119000
961083,Oregon,40,with,31000,49,without,12000
1328808,Oregon,52,with,127000,49,with,0
1189424,Oregon,61,with,83000,60,with,83000
545397,Oregon,38,with,50000,39,with,0
330509,Oregon,47,without,24000,45,without,0
39615,Oregon,68,with,66600,67,with,19500
201232,Oregon,68,with,17100,63,with,52130
693455,Oregon,51,with,10700,51,with,880
705878,Oregon,42,with,70500,43,with,65000
1503004,Oregon,71,with,54300,68,with,78600
68195,Oregon,46,with,92000,48,with,60000
1253306,Oregon,51,with,15000,47,with,18000
603350,Oregon,40,with,33150,34,with,13000
710758,Oregon,58,with,97000,46,with,72000
96240,Oregon,29,with,55000,29,with,30000
644615,Oregon,43,with,55000,35,with,0
1182194,Oregon,56,with,20700,62,with,15000
755470,Oregon,61,with,9900,59,with,0
1058532,Oregon,46,with,90000,35,with,20000
1399320,Oregon,46,with,92000,39,with,120
549645,Oregon,56,with,42000,57,with,30000
320072,Oregon,77,with,16000,76,with,52000
865288,Oregon,34,with,39900,31,with,41000
171216,Oregon,73,with,36900,64,without,6000
871115,Oregon,45,with,55000,39,with,0
770085,Oregon,61,with,31000,60,with,18000
1508764,Oregon,77,with,255800,77,with,217300
815559,Oregon,76,with,15700,72,with,13300
879823,Oregon,72,with,373000,73,with,20000
1413663,Oregon,82,with,389000,73,with,37000
291228,Oregon,31,without,120000,31,without,0
1040193,Oregon,49,with,255000,44,with,131000
130963,Oregon,48,with,24000,43,with,0
1243429,Oregon,77,with,24000,79,with,12000
140003,Oregon,29,with,45000,29,with,25600
392433,Oregon,33,with,30000,26,without,2400
23884,Oregon,80,with,32900,80,with,10300
1491246,Oregon,61,with,76000,57,with,105000
1392712,Oregon,51,with,70000,50,with,70000
542055,Oregon,72,with,37200,70,with,0
795904,Oregon,53,with,406000,53,with,0
233739,Oregon,24,with,19800,26,with,20000
1200552,Oregon,40,with,124000,50,with,156000
1220213,Oregon,60,with,53000,56,with,36100
901228,Oregon,60,with,62700,63,with,17000
1286929,Oregon,58,with,20000,50,with,105000
712225,Oregon,49,with,45000,41,with,50000
332102,Oregon,57,without,8000,56,with,38000
836669,Oregon,57,with,77800,54,with,46020
1029173,Oregon,59,with,71000,59,with,52000
947089,Oregon,72,with,50400,68,with,11900
113963,Oregon,50,with,60000,48,with,0
783611,Oregon,65,with,55000,64,with,6300
1379082,Oregon,87,with,35500,83,with,12900
209973,Oregon,55,with,52000,50,with,26000
1010841,Oregon,69,with,28400,68,with,7200
452195,Oregon,58,with,75000,56,with,77000
282985,Oregon,73,with,15400,73,with,15550
177886,Oregon,59,with,34000,52,with,2000
429444,Oregon,53,with,41000,51,with,54000
367524,Oregon,33,with,120050,31,with,20000
43413,Oregon,35,with,28000,35,with,18000
1273922,Oregon,79,with,20000,73,with,6200
984422,Oregon,59,with,250,58,with,27000
1394657,Oregon,51,without,27000,50,with,10000
377561,Oregon,39,without,75000,39,without,0
1494564,Oregon,36,with,45000,40,with,45000
1123136,Oregon,67,with,43000,57,with,52500
1082646,Oregon,33,with,42004,32,with,120004
1229960,Oregon,62,with,48000,59,with,0
875963,Oregon,94,with,17600,91,with,10500
1479933,Oregon,79,with,68490,76,with,10300
572768,Oregon,30,with,141000,27,with,100000
133307,Oregon,44,with,406000,41,with,10200
1001783,Oregon,49,with,41500,56,with,27900
820354,Oregon,73,with,46600,72,with,7700
912417,Oregon,61,with,82000,63,with,14604
832746,Oregon,28,with,42000,26,with,3000
1511381,Oregon,62,with,206000,61,with,72200
211383,Oregon,43,with,25000,41,with,0
126289,Oregon,69,with,8760,67,with,4800
547677,Oregon,68,with,40930,61,with,40000
200206,Oregon,35,with,60000,41,with,19200
771453,Oregon,70,with,43500,59,with,0
60337,Oregon,68,with,140200,67,with,19200
1129305,Oregon,47,with,265000,42,with,35000
1225210,Oregon,46,with,40000,36,with,18000
908131,Oregon,47,with,145000,43,with,5000
210013,Oregon,50,with,12000,39,with,115000
53923,Oregon,84,with,39800,78,with,14400
18604,Oregon,67,with,50800,72,with,26800
806230,Oregon,48,with,60001,45,with,43001
1022886,Oregon,39,with,110000,33,with,100000
934428,Oregon,78,with,251300,69,with,44100
679369,Oregon,54,with,125000,43,with,15000
230420,Oregon,82,with,33600,88,with,5000
461273,Oregon,32,with,35800,31,with,12080
157789,Oregon,70,with,36500,66,with,21500
228522,Oregon,50,with,105000,50,with,18000
1027402,Oregon,57,with,43200,50,with,30000
323802,Oregon,84,with,26700,76,with,69400
536373,Oregon,56,without,216000,78,without,0
1026047,Oregon,88,with,22400,88,with,63800
1196264,Oregon,42,with,70800,49,with,120000
394537,Oregon,65,with,26000,61,with,300
837934,Oregon,37,with,65000,33,with,42500
1170573,Oregon,45,with,78000,46,with,44000
111214,Oregon,66,with,47110,60,with,13700
927142,Oregon,63,with,65000,60,with,36000
561773,Oregon,67,with,63200,65,with,38500
84749,Oregon,88,with,181000,87,with,0
790337,Oregon,60,with,190000,57,with,40000
5653,Oregon,51,with,12000,48,with,18000
621485,Oregon,73,with,72000,71,with,27400
1251108,Oregon,22,with,20000,29,with,30710
50796,Oregon,38,with,40000,45,with,0
580396,Oregon,37,with,29000,36,with,0
1263929,Oregon,62,with,60000,62,with,25000
371114,Oregon,30,with,79070,30,with,58000
1391040,Oregon,58,with,0,58,with,19400
996943,Oregon,77,with,12800,75,with,12400
70163,Oregon,57,with,22700,52,with,5800
486041,Oregon,70,with,29700,65,with,16700
791329,Oregon,58,with,39900,55,with,15000
733073,Oregon,52,with,121200,44,with,20000
1087069,Oregon,44,with,65000,42,with,125010
1264182,Oregon,48,without,130000,50,without,0
610896,Oregon,58,with,155000,59,with,97400
1090585,Oregon,75,with,28000,67,with,8000
311845,Oregon,43,with,67000,36,with,58000
219074,Oregon,74,with,53600,66,with,70000
1212424,Oregon,47,with,42000,44,without,12000
205332,Oregon,45,with,61200,40,with,70000
1372265,Oregon,86,with,36330,87,with,12600
159748,Oregon,35,with,123000,29,with,30000
1390058,Oregon,64,with,70500,64,with,3000
350796,Oregon,69,with,85000,69,with,13200
815338,Oregon,61,with,24240,56,with,100000
837426,Oregon,69,with,40600,64,with,31300
610436,Oregon,74,with,9000,60,with,0
1512006,Oregon,55,with,30000,59,with,3600
1179075,Oregon,35,with,35000,29,with,30000
1153779,Oregon,80,with,44100,81,with,37500
1477017,Oregon,64,with,17500,69,with,33000
1054017,Oregon,76,with,14400,70,with,6000
321429,Oregon,61,with,12000,61,with,73000
1378660,Oregon,36,with,67000,33,with,4800
802590,Oregon,47,with,205000,48,with,0
737535,Oregon,43,with,60000,40,with,35000
842777,Oregon,52,with,43000,49,with,41000
606797,Oregon,50,with,74000,43,with,0
702946,Oregon,66,with,9800,66,with,13600
684916,Oregon,44,with,406000,42,with,0
507531,Oregon,77,with,17900,77,with,36400
87838,Oregon,59,with,65000,58,with,0
1303350,Oregon,64,with,13500,66,with,26500
366281,Oregon,68,with,73100,68,with,77500
441710,Oregon,44,without,14000,41,without,14400
1496671,Oregon,84,with,14400,80,with,21700
162163,Oregon,25,with,37000,23,with,33000
819886,Oregon,54,with,48000,42,with,53000
1094187,Oregon,65,with,35500,58,with,0
632104,Oregon,39,with,38400,37,with,9200
1264813,Oregon,85,with,11200,78,with,1400
163353,Oregon,50,with,70000,39,with,23000
218291,Oregon,42,with,30000,35,with,34000
268717,Oregon,46,with,72000,38,with,35000
36831,Oregon,85,with,63000,64,with,65600
1444846,Oregon,62,with,35500,62,with,26600
725664,Oregon,60,without,61400,69,with,17400
1155522,Oregon,40,with,45000,39,without,0
1215549,Oregon,36,with,52000,40,with,85000
449931,Oregon,49,with,65000,50,with,35000
270152,Oregon,60,without,71000,61,without,61000
381884,Oregon,77,with,16800,67,with,13800
926513,Oregon,26,with,65500,28,with,0
605172,Oregon,53,with,65000,45,with,34000
955917,Oregon,71,with,12800,62,with,80000
431838,Oregon,63,with,50000,67,with,34600
173607,Oregon,66,with,13900,58,with,34200
243339,Oregon,33,with,44000,32,with,11100
243572,Oregon,38,with,2200,37,with,68000
557679,Oregon,36,with,110000,31,with,1400
1326134,Oregon,44,with,94000,41,with,64800
227463,Oregon,47,with,70000,42,with,0
396959,Oregon,38,with,0,34,with,32000
848985,Oregon,70,with,107400,69,with,79000
167451,Oregon,46,with,269400,44,with,65000
284140,Oregon,49,with,135000,51,with,12000
1398350,Oregon,37,with,94000,36,with,2500
411204,Oregon,75,with,65000,74,with,36000
1365112,Oregon,70,with,16300,66,with,10400
1519489,Oregon,61,with,0,59,with,0
317836,Oregon,73,with,38401,71,with,19771
76517,Oregon,38,with,85000,39,with,63000
1062789,Oregon,63,with,86700,50,with,9700
50698,Oregon,72,with,25000,73,with,48000
1413223,Oregon,57,with,411000,48,with,100000
340096,Oregon,49,with,70100,42,with,36000
864140,Oregon,59,with,21000,59,with,24000
476480,Oregon,61,with,87000,52,with,7700
887978,Oregon,82,with,59500,80,with,19890
1504044,Oregon,77,with,236700,79,with,1
1450718,Oregon,78,with,19500,68,with,10800
533503,Oregon,58,with,15000,59,with,68000
395653,Oregon,40,with,406000,40,with,0
55809,Oregon,26,without,30600,25,without,27100
1064809,Oregon,70,with,36000,69,with,34000
975679,Oregon,57,with,184900,58,with,29000
1145859,Oregon,69,with,30800,53,with,50000
1497780,Oregon,45,with,49000,46,with,97000
352033,Oregon,48,with,50000,47,with,50000
656304,Oregon,54,with,73000,51,with,13300
152898,Oregon,65,with,78080,65,with,5000
1276518,Oregon,40,with,42000,30,with,10000
1443733,Oregon,35,with,77000,29,with,1200
1454564,Oregon,28,with,48000,28,with,38000
1119613,Oregon,72,with,152100,68,with,22050
276646,Oregon,78,with,31510,71,with,10100
852611,Oregon,73,with,13300,67,with,13600
985936,Oregon,40,with,30000,35,with,0
792601,Oregon,44,with,44400,42,with,0
650082,Oregon,61,with,45000,49,with,15400
1338879,Oregon,56,with,0,39,with,0
100642,Oregon,60,with,30020,56,with,50030
360095,Oregon,74,with,16800,62,with,22600
611920,Oregon,48,with,57000,46,with,0
930149,Oregon,24,with,23000,22,with,30000
1329252,Oregon,54,with,150004,51,with,0
98977,Oregon,53,with,78200,51,with,43520
1197578,Oregon,41,with,240300,40,with,7000
971932,Oregon,55,with,53000,51,with,26020
1045237,Oregon,25,with,30000,20,with,2000
68173,Oregon,57,with,58000,47,with,91700
937337,Oregon,45,with,38000,39,with,14800
307024,Oregon,79,with,32600,77,with,70400
858961,Oregon,65,with,30100,58,with,100
251825,Oregon,25,with,24000,23,with,5000
1182466,Oregon,52,with,20500,47,with,19800
1106234,Oregon,56,with,196000,54,with,52000
162731,Oregon,66,with,17000,63,with,21400
614588,Oregon,53,with,34800,50,with,8000
614973,Oregon,65,with,24350,62,with,38350
599060,Oregon,55,with,114000,52,with,13000
443320,Oregon,55,with,34200,55,with,100
918512,Oregon,60,with,65000,59,with,40000
773252,Oregon,81,with,25000,81,with,7000
117784,Oregon,64,with,16000,53,with,37000
849960,Oregon,76,with,42300,74,with,0
1256436,Oregon,86,with,71620,85,with,10400
65141,Oregon,50,with,48000,46,with,0
317800,Oregon,34,with,115000,29,with,600
775610,Oregon,72,with,179000,64,with,9000
1339196,Oregon,73,with,25200,65,with,118000
378473,Oregon,57,with,93200,55,with,84200
69321,Oregon,66,with,35500,63,with,0
671817,Oregon,62,with,71000,60,with,0
794658,Oregon,49,with,411000,50,with,0
724632,Oregon,52,with,48000,45,without,25000
744321,Oregon,57,with,100000,54,with,100000
128663,Oregon,44,with,38000,45,with,40000
1062474,Oregon,46,without,60000,45,with,0
201909,Oregon,51,with,55000,52,with,0
167457,Oregon,68,with,54800,67,with,5500
917331,Oregon,41,without,21000,42,without,3600
365242,Oregon,45,with,90800,46,with,71400
262189,Oregon,47,with,13200,45,with,60000
1406806,Oregon,53,with,407500,40,with,0
341711,Oregon,29,with,31000,29,with,1400
1187155,Oregon,67,with,36001,63,with,51900
1149785,Oregon,55,with,42000,54,with,50000
302181,Oregon,62,with,0,58,with,3500
1128702,Oregon,57,with,7500,53,with,0
151613,Oregon,28,with,75000,28,with,7000
279056,Oregon,39,with,95600,36,with,32000
222376,Oregon,36,with,15000,45,with,20000
757718,Oregon,54,with,30000,53,with,59000
270920,Oregon,65,with,11000,64,with,10900
346539,Oregon,66,with,20400,67,with,14000
1394419,Oregon,85,with,23040,84,with,14300
387799,Oregon,63,with,29000,63,with,40000
1409278,Oregon,50,with,29200,62,with,10800
740801,Oregon,75,with,18600,74,with,26400
873202,Oregon,65,with,33800,59,with,0
363769,Oregon,80,with,41100,77,with,26100
103033,Oregon,38,with,96000,34,with,21000
1007903,Oregon,52,with,106180,49,with,105000
1399453,Oregon,60,with,32000,29,with,30000
1190299,Oregon,63,without,31000,59,without,100
1011819,Oregon,38,with,100000,34,with,0
64653,Oregon,33,without,10000,33,without,12000
1340757,Oregon,69,with,24800,67,with,11700
581982,Oregon,77,with,33400,71,with,34700
111532,Oregon,68,with,21400,65,with,9100
806667,Oregon,28,with,26000,24,with,0
29907,Oregon,69,with,39500,68,with,9000
625903,Oregon,69,with,50000,68,with,31200
1422136,Oregon,34,with,63000,31,with,20000
813182,Oregon,48,with,0,41,with,47700
796864,Oregon,75,with,41400,71,with,30900
946561,Oregon,37,with,65100,37,with,80100
840526,Oregon,39,with,23000,39,with,0
630201,Oregon,32,with,18000,31,with,45000
299553,Oregon,27,with,25400,27,with,21600
1175585,Oregon,65,with,900,61,with,57750
745644,Oregon,67,with,45000,51,with,0
298347,Oregon,40,with,410600,39,with,42000
546546,Oregon,51,with,98000,52,with,8000
592835,Oregon,56,with,89000,54,with,89200
699873,Oregon,40,with,38000,41,with,39000
502803,Oregon,66,with,218200,44,with,65000
450616,Oregon,85,with,29600,84,with,3700
1441219,Oregon,37,with,86000,40,with,2500
1295280,Oregon,38,with,60000,33,with,60000
1488278,Oregon,75,with,21000,76,with,8400
514552,Oregon,62,with,76000,60,with,13000
1176918,Oregon,64,with,81000,64,with,7700
1310459,Oregon,31,with,65050,30,with,58050
74785,Oregon,51,with,160000,47,with,45000
257801,Oregon,47,without,52000,52,without,1400
897808,Oregon,62,with,40000,50,with,85000
504404,Oregon,54,with,110000,53,with,27000
1034324,Oregon,36,with,41300,36,with,60000
1303726,Oregon,68,with,65800,63,with,51000
525165,Oregon,32,with,30000,35,with,45500
1148756,Oregon,80,with,41800,67,with,14500
1063964,Oregon,31,with,65000,30,with,34100
1285553,Oregon,83,with,20920,78,with,17400
452120,Oregon,49,without,26000,48,without,0
669049,Oregon,52,with,31200,44,with,77000
161831,Oregon,85,with,16520,84,with,44200
120601,Oregon,57,with,24000,58,with,104000
472698,Oregon,67,with,32600,64,with,41000
1440907,Oregon,50,with,65000,53,with,92000
1319786,Oregon,64,with,41800,65,with,8700
814491,Oregon,68,with,1300,60,with,155000
1227004,Oregon,72,with,60200,70,with,7500
1454986,Oregon,54,with,100000,48,with,90000
1001880,Oregon,59,with,418000,50,with,65000
693896,Oregon,74,with,25000,67,with,10800
711305,Oregon,39,with,100000,39,with,4000
299039,Oregon,74,with,81800,66,with,115900
1427151,Oregon,35,with,18000,32,with,2004
915189,Oregon,64,with,48900,58,with,0
1118034,Oregon,69,with,27000,68,with,550000
602030,Oregon,61,without,26700,58,with,63200
221289,Oregon,51,with,52300,51,with,27500
139411,Oregon,77,with,14300,75,with,6000
888485,Oregon,75,with,77600,76,with,10200
1023347,Oregon,29,with,600,26,with,49000
105549,Oregon,55,with,301000,52,with,28000
779068,Oregon,80,with,13000,73,with,11400
1079279,Oregon,85,with,8500,77,with,15250
243873,Oregon,80,with,43100,72,with,10700
1477268,Oregon,79,with,4600,74,with,12000
1035913,Oregon,42,with,22500,43,with,22500
934444,Oregon,47,with,45500,47,with,46301
668392,Oregon,40,with,72000,43,with,0
184676,Oregon,52,with,406000,52,with,1700
952153,Oregon,50,with,28000,38,with,0
288576,Oregon,47,with,441000,49,with,3400
664413,Oregon,71,with,65900,73,with,58500
884147,Oregon,51,with,100000,47,with,0
1145619,Oregon,39,with,56000,36,with,80000
1368839,Oregon,64,with,110000,60,with,4000
359707,Oregon,69,with,25400,56,with,42500
512855,Oregon,64,with,52800,61,with,0
996307,Oregon,66,with,12800,69,with,8400
1308760,Oregon,43,with,76000,43,with,50000
230165,Oregon,58,with,30000,56,with,25000
1078875,Oregon,59,with,65000,57,with,20000
57571,Oregon,67,with,52500,66,with,62000
1051979,Oregon,72,with,24500,68,with,8300
302536,Oregon,51,with,40000,57,with,40600
255099,Oregon,35,with,47900,30,with,28000
1203254,Oregon,24,with,0,27,with,25000
831556,Oregon,45,with,120000,45,with,12000
614883,Oregon,85,with,20000,79,with,18800
1396031,Oregon,69,with,64300,68,with,16200
1493809,Oregon,78,with,27800,67,with,7370
956032,Oregon,60,with,45000,60,with,9000
420757,Oregon,47,with,88300,44,with,88000
571347,Oregon,62,with,70000,61,with,0
685126,Oregon,51,with,419900,49,with,0
1419169,Oregon,69,with,0,67,with,9000
86665,Oregon,51,with,1500,48,with,27500
1328157,Oregon,56,with,42000,51,with,80000
1459280,Oregon,58,with,60000,56,with,45000
774528,Oregon,76,with,23700,67,with,0
1201516,Oregon,77,with,14420,78,with,21000
1038465,Oregon,67,with,63250,64,with,-4500
1171649,Oregon,46,without,46000,42,with,21000
1023108,Oregon,46,with,36900,40,with,5000
1370941,Oregon,29,with,45000,26,with,0
1343938,Oregon,35,with,30000,34,with,45000
369719,Oregon,64,with,24000,64,with,10000
389496,Oregon,79,with,16700,76,with,7800
95805,Oregon,66,with,5200,66,with,7300
1273488,Oregon,67,with,29900,67,with,14900
905041,Oregon,42,with,105500,40,with,32000
874487,Oregon,65,with,74000,64,with,7400
1178823,Oregon,74,with,63000,71,with,29100
1169006,Oregon,83,with,83250,82,with,8400
1391255,Oregon,63,with,45000,59,with,0
602477,Oregon,60,with,55000,56,with,20000
1388063,Oregon,60,with,93000,59,without,0
1116700,Oregon,59,with,81800,65,with,28100
319695,Oregon,40,with,19200,41,with,36200
996402,Oregon,33,with,40000,34,with,12000
1055393,Oregon,79,with,31000,73,with,18200
594416,Oregon,58,with,8800,45,with,0
1082977,Oregon,59,with,38000,66,with,28700
1374519,Oregon,48,with,76000,48,with,12200
248238,Oregon,59,with,14000,45,without,18000
338129,Oregon,52,with,50000,49,with,45000
1209211,Oregon,81,with,38000,80,with,0
965089,Oregon,52,with,188200,53,with,51200
1344788,Oregon,74,with,36500,69,with,8490
36789,Oregon,62,with,149000,61,with,0
1392730,Oregon,49,with,21100,47,with,0
330213,Oregon,65,with,12000,64,with,68000
205502,Oregon,24,with,80000,23,with,0
312879,Oregon,67,with,130500,63,with,12000
1050400,Oregon,66,with,1800,66,with,1300
582613,Oregon,42,without,34000,59,with,10400
1172959,Oregon,41,with,58000,37,with,119000
901461,Oregon,70,with,57600,70,with,18000
184372,Oregon,52,with,15000,50,with,12000
862451,Oregon,65,with,42000,65,with,10300
667328,Oregon,41,with,60160,36,with,27200
320598,Oregon,64,with,157000,68,with,3400
567080,Oregon,64,with,27500,60,with,23500
709452,Oregon,58,with,110000,55,with,7500
1141638,Oregon,55,with,42000,54,with,0
927701,Oregon,36,with,41000,37,with,15600
585491,Oregon,63,without,30000,60,without,24000
1040824,Oregon,51,with,135000,50,with,40000
1095027,Oregon,52,with,0,48,with,0
823702,Oregon,44,with,98000,45,with,68000
691327,Oregon,36,with,54700,36,with,5000
96181,Oregon,29,without,25000,28,with,11800
54771,Oregon,43,with,58000,44,with,70000
248632,Oregon,32,with,31200,26,with,0
417979,Oregon,83,with,21100,72,with,17800
736329,Oregon,53,with,76000,55,with,0
37021,Oregon,67,with,35500,60,with,67000
688892,Oregon,43,with,5000,42,with,4000
796675,Oregon,74,with,77000,69,with,7700
685311,Oregon,30,with,40000,29,with,13000
5847,Oregon,69,with,126000,60,with,36000
1161580,Oregon,34,with,15000,28,with,0
615893,Oregon,76,with,82600,77,with,12200
23396,Oregon,55,with,60590,55,with,13900
500134,Oregon,63,with,10300,56,with,30000
1102144,Oregon,59,with,63000,50,with,120000
1248805,Oregon,66,with,94400,60,with,17680
511572,Oregon,64,with,88200,64,with,32630
614325,Oregon,52,with,51000,60,with,5200
1002950,Oregon,64,with,7500,64,with,85500
1366275,Oregon,67,with,16800,66,with,91400
975669,Oregon,68,with,208050,69,with,9000
215067,Oregon,30,with,68000,30,with,35000
284892,Oregon,39,with,27000,32,with,0
886999,Oregon,35,with,47000,34,with,0
342378,Oregon,43,with,95000,43,with,87500
626854,Oregon,67,with,113000,60,with,30000
1103387,Oregon,35,with,25000,39,with,65000
624312,Oregon,66,with,70000,67,with,15000
1271485,Oregon,58,with,87000,59,with,2000
1318124,Oregon,54,with,145000,52,with,80000
307193,Oregon,85,with,14000,84,with,27200
513866,Oregon,31,with,50000,26,with,70000
109346,Oregon,21,with,4000,22,with,5500
42291,Oregon,28,with,29300,30,with,6300
778949,Oregon,34,with,25000,33,with,45000
782936,Oregon,46,with,36000,45,with,48400
960101,Oregon,32,with,120000,24,with,0
496796,Oregon,44,with,45000,37,with,15300
210826,Oregon,59,with,34500,57,with,13300
32996,Oregon,64,with,45000,62,with,43000
1460250,Oregon,71,with,23600,66,with,7600
170163,Oregon,89,with,40000,84,with,13300
916625,Oregon,48,with,35000,50,with,16200
309240,Oregon,57,with,26200,62,with,37000
363721,Oregon,27,with,39000,25,with,52000
638211,Oregon,66,with,39700,64,with,25520
484507,Oregon,83,with,14700,68,with,27330
143003,Oregon,40,with,65000,44,with,17000
492850,Oregon,28,with,29000,24,with,40000
997901,Oregon,33,with,28000,35,with,33700
1042542,Oregon,38,with,90000,38,with,45000
105038,Oregon,65,with,87000,63,with,39500
1462757,Oregon,28,with,32000,28,with,4000
1229527,Oregon,65,with,0,54,with,8700
1273230,Oregon,73,with,82000,71,with,159000
142344,Oregon,68,with,37000,71,with,47000
1347687,Oregon,62,with,211000,59,with,0
207618,Oregon,48,with,0,48,with,14700
1502478,Oregon,49,with,50000,53,with,0
801263,Oregon,31,with,13000,25,with,4600
1105279,Oregon,78,with,24000,75,with,12400
1358688,Oregon,31,with,40000,32,without,0
255259,Oregon,42,with,105500,44,with,33000
645585,Oregon,54,with,78000,57,with,600
340229,Oregon,50,with,43000,49,with,53000
840177,Oregon,64,with,55500,63,with,24400
848638,Oregon,46,with,44000,47,with,75000
116590,Oregon,62,with,406000,62,with,15800
841753,Oregon,60,with,60000,57,with,35000
979330,Oregon,30,with,45000,30,with,30000
374542,Oregon,44,with,305000,41,with,0
975454,Oregon,66,with,28000,66,with,13200
1245067,Oregon,62,with,49300,64,with,60000
204241,Oregon,48,with,38000,49,without,54800
502178,Oregon,69,with,21100,66,with,7050
292708,Oregon,62,with,12001,62,with,28300
541962,Oregon,55,with,55000,59,with,57000
307965,Oregon,68,with,28000,66,with,13200
1502674,Oregon,48,with,70000,47,with,21200
1065906,Oregon,57,with,21600,56,with,0
889380,Oregon,32,with,76000,40,with,62000
954838,Oregon,82,with,17100,79,with,6000
852816,Oregon,48,with,70000,48,with,71000
1323883,Oregon,48,with,0,44,with,18000
1014590,Oregon,58,with,42000,56,with,4800
260271,Oregon,57,with,134000,60,with,11900
30310,Oregon,29,with,0,29,with,100000
1101265,Oregon,83,with,85300,77,with,8600
449726,Oregon,71,with,14300,67,with,12800
202932,Oregon,44,with,20000,36,with,19500
1282901,Oregon,83,with,15600,83,with,7500
649165,Oregon,39,with,60000,35,with,27000
1393110,Oregon,59,with,45000,60,with,30000
1060690,Oregon,59,with,0,55,with,83500
987180,Oregon,56,with,50000,44,with,30000
1089939,Oregon,61,with,489000,56,with,56000
529922,Oregon,28,with,44000,29,with,22200
899947,Oregon,35,with,28500,35,with,70000
1010119,Oregon,54,with,130000,52,with,150000
1202984,Oregon,42,with,60000,43,with,58000
769235,Oregon,59,with,20000,50,with,40000
235724,Oregon,35,with,340000,35,with,70000
928021,Oregon,70,with,12000,51,with,60000
1032998,Oregon,39,with,80000,39,with,33000
1245785,Oregon,75,with,35500,77,with,12000
166595,Oregon,46,with,47000,31,with,44000
893879,Oregon,59,with,25000,51,with,20000
1028265,Oregon,57,with,93500,62,with,50000
1196381,Oregon,44,with,55400,36,with,59300
474658,Oregon,42,with,70000,45,with,70000
1483704,Oregon,53,with,106000,52,with,32000
459876,Oregon,27,with,114000,24,with,13900
467578,Oregon,58,with,27830,58,with,15400
1470918,Oregon,75,without,46900,79,with,3700
1108903,Oregon,67,with,17700,63,with,33900
948117,Oregon,58,with,62000,56,with,13500
725617,Oregon,38,with,50000,42,with,23000
462421,Oregon,53,with,140000,46,with,0
344031,Oregon,59,with,152000,59,with,30000
974472,Oregon,41,with,125000,41,with,1500
1038218,Oregon,53,with,180000,53,with,23000
1266315,Oregon,45,with,1200,43,with,87000
136656,Oregon,61,with,113500,62,with,0
267860,Oregon,62,with,42900,55,with,43350
204619,Oregon,38,with,122000,38,with,80000
120460,Oregon,50,with,35000,46,with,15000
241532,Oregon,53,with,74600,59,with,0
85124,Oregon,55,with,102000,56,with,57000
82241,Oregon,46,with,10004,41,with,70000
462976,Oregon,44,with,0,45,with,110000
302827,Oregon,28,with,60000,26,with,0
338622,Oregon,37,with,92000,35,with,82000
1366870,Oregon,60,with,57000,65,with,14010
474357,Oregon,76,with,46600,67,with,16500
481027,Oregon,63,with,275000,54,with,68000
42357,Oregon,58,with,3500,61,without,0
890577,Oregon,65,with,44000,64,with,8100
96884,Oregon,87,with,28100,81,with,54100
862717,Oregon,71,with,22000,68,with,16700
655457,Oregon,65,with,100000,67,with,65800
506856,Oregon,31,with,20000,31,with,0
568470,Oregon,54,with,106000,55,with,106000
627237,Oregon,35,with,33500,25,with,31500
1321089,Oregon,68,with,1600,66,with,2200
817867,Oregon,45,with,10800,36,with,10100
243649,Oregon,48,with,30000,52,with,426000
20789,Oregon,47,with,82000,44,with,94000
1055089,Oregon,70,with,239000,70,with,29000
1236653,Oregon,53,with,1400,46,with,0
1038487,Oregon,47,with,30000,45,with,10000
1309568,Oregon,36,with,82000,36,with,0
751352,Oregon,78,with,35150,78,with,4200
1398114,Oregon,68,with,32600,59,with,24100
1444855,Oregon,60,with,71000,59,with,0
650973,Oregon,64,with,91000,65,with,2600
791954,Oregon,33,with,55000,31,with,50000
1486163,Oregon,40,with,34000,37,with,25000
1428118,Oregon,56,with,84300,48,without,13300
116962,Oregon,85,with,27500,60,with,13500
1162029,Oregon,37,with,135000,37,with,25000
229463,Oregon,40,with,12000,42,with,0
1451471,Oregon,60,without,23000,53,with,130
1493886,Oregon,56,with,87000,53,with,39000
961582,Oregon,55,with,3700,45,with,780
1103063,Oregon,31,with,15000,28,with,5200
1265421,Oregon,32,without,24000,28,without,18000
1446723,Oregon,76,with,101100,64,with,7200
41579,Oregon,37,with,46000,34,with,65000
1036577,Oregon,57,with,5800,61,with,8800
1488648,Oregon,54,with,110000,52,with,1200
192243,Oregon,73,with,43370,72,with,67400
1148875,Oregon,55,with,24500,62,with,24500
982392,Oregon,81,with,25600,75,with,22000
707273,Oregon,84,with,10800,77,with,28500
1392543,Oregon,85,with,30700,85,with,10200
832315,Oregon,39,with,200000,38,with,90000
989518,Oregon,32,with,54000,32,with,37000
496940,Oregon,37,with,101000,39,with,40000
844096,Oregon,67,with,23700,61,with,28200
326544,Oregon,63,with,52000,66,with,93900
234531,Oregon,50,with,52000,36,with,48000
1027931,Oregon,62,with,611000,62,with,66000
1226255,Oregon,56,with,34200,60,with,97000
1100159,Oregon,72,with,18600,67,with,15900
267876,Oregon,40,with,90000,43,with,28000
57056,Oregon,25,with,26000,24,with,22000
210884,Oregon,53,with,65000,48,with,70000
266631,Oregon,29,with,76000,32,with,8000
740275,Oregon,83,with,11100,79,with,12400
147114,Oregon,44,with,406000,45,with,0
431546,Oregon,54,with,60000,47,with,36000
591485,Oregon,61,with,107600,62,with,34000
1429132,Oregon,62,with,63000,60,with,63000
452854,Oregon,61,with,200000,55,with,15000
338321,Oregon,40,with,66000,39,with,60030
494331,Oregon,56,with,24500,56,with,52040
1404348,Oregon,46,with,422000,44,with,0
1272278,Oregon,58,with,58000,52,with,26000
1233384,Oregon,43,with,5000,44,with,11000
1168256,Oregon,61,with,63300,65,with,71900
1171800,Oregon,23,with,12500,23,with,2500
1025897,Oregon,59,with,12000,59,with,8000
946976,Oregon,64,with,39600,56,with,14400
385411,Oregon,45,with,88000,35,without,0
1258177,Oregon,29,with,62000,28,with,83000
552735,Oregon,33,with,39000,28,with,15600
89686,Oregon,77,with,14600,72,with,12700
1190435,Oregon,70,with,92240,66,with,9000
617606,Oregon,86,with,64600,84,with,52800
1156951,Oregon,59,with,72000,51,with,51200
1321495,Oregon,74,with,74600,70,with,87500
1088891,Oregon,66,with,98200,65,with,9000
754409,Oregon,68,with,60000,65,with,2000
994457,Oregon,61,with,64000,63,with,770
915739,Oregon,43,with,406000,48,with,0
930063,Oregon,44,with,70000,47,with,48000
1310503,Oregon,70,with,28100,68,with,6300
1450171,Oregon,94,with,42500,82,with,16200
447363,Oregon,30,with,50000,33,with,24400
432865,Oregon,72,with,32500,68,with,27600
772146,Oregon,61,with,70000,58,with,48000
349653,Oregon,41,with,110000,36,with,15000
658812,Oregon,42,with,44000,37,with,23200
1453168,Oregon,77,with,49700,73,with,100500
947389,Oregon,75,with,20600,60,with,43120
1072749,Oregon,40,with,38400,36,with,5000
1400931,Oregon,79,with,1400,80,with,24000
283107,Oregon,53,with,85000,52,with,10000
483313,Oregon,70,with,75600,69,with,8600
115846,Oregon,61,with,38000,59,with,30000
1129755,Oregon,44,with,41000,42,with,7000
248175,Oregon,63,with,49000,64,with,27000
40525,Oregon,71,with,68000,70,with,64500
1175167,Oregon,50,with,60000,53,with,17000
86133,Oregon,29,with,19200,29,with,27300
481095,Oregon,60,with,50000,58,with,0
137529,Oregon,42,with,103000,39,with,34800
544618,Oregon,35,with,102020,35,with,0
41879,Oregon,51,with,43000,50,with,125000
1449865,Oregon,50,with,185300,49,with,300
1462069,Oregon,86,with,41900,86,with,30950
386708,Oregon,39,with,90000,36,with,80000
958407,Oregon,56,with,56000,56,with,15000
1303915,Oregon,58,with,61000,57,with,72000
757272,Oregon,65,with,40000,62,with,15000
1409398,Oregon,46,with,58530,45,with,78010
375003,Oregon,54,with,230900,51,with,271000
1334148,Oregon,50,without,36700,40,without,0
914991,Oregon,52,with,85000,51,with,45000
801918,Oregon,54,with,22600,56,with,0
404045,Oregon,35,with,40000,34,with,27600
872052,Oregon,41,with,430000,32,with,24000
289636,Oregon,56,with,124000,57,with,24000
554515,Oregon,46,with,551000,40,with,0
434429,Oregon,37,with,110000,39,with,150000
964553,Oregon,65,with,182500,56,with,42000
727448,Oregon,79,with,47700,89,with,12000
165607,Oregon,62,with,115000,69,with,6000
846819,Oregon,43,with,100000,43,with,11000
213130,Oregon,36,with,57000,35,with,10400
610527,Oregon,40,with,135000,39,with,60000
1376393,Oregon,38,with,112600,36,with,0
58911,Oregon,61,with,134000,56,with,900
1246191,Oregon,46,with,29000,46,with,49000
740923,Oregon,78,with,41000,76,with,5600
398027,Oregon,64,with,272000,63,with,10500
1292857,Oregon,43,with,97900,41,with,0
925605,Oregon,68,with,27100,60,without,140
1496987,Oregon,32,with,30200,32,with,32000
425007,Oregon,63,with,81600,51,with,0
1301446,Oregon,40,with,90000,36,with,0
1200227,Oregon,33,with,28000,27,with,0
610875,Oregon,81,with,13500,74,with,35200
819798,Oregon,43,with,54000,40,with,92000
869030,Oregon,26,with,40000,26,with,20000
1125730,Oregon,56,with,91000,60,with,0
1286832,Oregon,64,with,49200,64,with,64600
662971,Oregon,47,with,60000,44,with,9000
227811,Oregon,42,with,406000,41,with,60
182344,Oregon,74,with,25400,74,with,26000
826641,Oregon,35,with,63000,35,with,82000
154577,Oregon,42,with,90030,44,with,55200
722978,Oregon,64,with,14150,54,with,1800
255101,Oregon,28,with,57000,29,with,20000
256773,Oregon,68,with,8500,68,with,13100
651984,Oregon,90,with,26700,88,with,0
786169,Oregon,38,with,11000,43,with,9600
183584,Oregon,25,with,1300,24,with,23500
1463857,Oregon,47,with,92000,44,with,50000
1168185,Oregon,52,with,65000,53,with,0
232129,Oregon,68,with,39000,67,with,29700
427424,Oregon,45,with,18000,41,with,55000
752958,Oregon,53,with,2400,61,with,59000
406938,Oregon,47,with,74000,39,with,50670
1489179,Oregon,50,with,36800,59,with,31210
1466290,Oregon,84,with,19200,82,with,30000
1132989,Oregon,75,with,9700,65,with,24100
1076904,Oregon,64,with,79000,63,with,88000
1461065,Oregon,42,with,67500,36,with,32400
645236,Oregon,47,with,96000,39,with,36000
1200288,Oregon,65,with,51000,65,with,25500
790706,Oregon,29,with,63000,33,with,0
1408430,Oregon,70,with,12800,70,with,19750
1488984,Oregon,57,with,120700,52,with,5600
934929,Oregon,51,with,160000,54,with,6000
1052703,Oregon,31,with,14100,31,with,45600
903089,Oregon,68,with,60000,56,with,60000
1425663,Oregon,69,with,60900,68,with,15200
1172119,Oregon,67,with,110500,66,with,6150
247832,Oregon,61,with,26720,65,with,50000
286076,Oregon,79,with,22500,76,with,14200
1098229,Oregon,59,with,34200,60,with,180
427791,Oregon,38,with,125000,35,with,6500
595324,Oregon,70,with,68000,62,with,76000
142513,Oregon,49,with,78000,44,with,68000
638559,Oregon,57,with,85000,54,with,15000
192536,Oregon,60,with,55500,59,with,27200
585213,Oregon,73,with,21900,72,with,33400
408665,Oregon,53,with,74000,64,with,24000
411766,Oregon,72,with,67700,68,with,30000
56100,Oregon,44,with,150300,44,with,59300
1005905,Oregon,60,with,80000,55,with,82000
404158,Oregon,45,with,24600,44,with,46400
1060995,Oregon,44,with,30000,42,with,50000
848861,Oregon,64,with,11400,63,with,42900
443806,Oregon,53,with,78000,52,with,27500
1288827,Oregon,45,with,98000,45,with,30000
315102,Oregon,50,with,90000,35,with,98004
1263019,Oregon,56,with,173000,59,with,0
942416,Oregon,35,with,205500,25,with,70000
263769,Oregon,33,with,115000,28,with,30000
610736,Oregon,55,with,71000,56,with,28700
563247,Oregon,94,with,60600,94,with,0
942232,Oregon,61,with,41500,55,with,16300
44785,Oregon,38,with,84000,36,with,8500
235706,Oregon,82,with,19900,80,with,17000
531430,Oregon,65,with,1010,66,with,5000
765032,Oregon,40,with,32000,35,with,80000
638404,Oregon,63,with,41000,58,with,40000
188430,Oregon,54,with,0,54,with,46000
671409,Oregon,53,with,36200,58,with,-3700
828686,Oregon,31,with,73000,30,with,130000
68947,Oregon,83,with,24500,68,with,6010
1378954,Oregon,31,with,57000,30,with,0
102393,Oregon,72,with,52200,68,with,36500
205356,Oregon,54,with,377000,54,with,240000
1012117,Oregon,55,with,122000,58,with,305000
359989,Oregon,47,with,100500,42,with,52000
482932,Oregon,55,with,185000,53,with,48000
1423980,Oregon,54,with,65000,38,with,24000
1519490,Oregon,35,with,28500,31,with,17500
638303,Oregon,75,with,124400,54,with,0
921096,Oregon,34,with,58000,33,with,0
1302847,Oregon,20,with,7700,18,with,6000
200328,Oregon,50,with,93000,44,with,100000
1191495,Oregon,38,with,45100,40,with,35000
955702,Oregon,72,with,54100,72,with,12330
279028,Oregon,65,with,45800,71,with,14000
420396,Oregon,68,with,27500,69,with,59400
608274,Oregon,41,with,33000,40,without,5200
223769,Oregon,39,with,109100,39,with,50100
128864,Oregon,23,with,14504,23,with,36004
242319,Oregon,66,with,22040,64,with,53040
1336821,Oregon,42,with,96800,37,with,150000
1065275,Oregon,62,with,63100,67,with,23300
1031997,Oregon,44,with,73000,47,with,0
301718,Oregon,84,with,37800,75,with,48800
637381,Oregon,41,with,180000,38,with,0
1275636,Oregon,21,with,30000,19,with,0
982838,Oregon,36,with,130000,36,with,65000
361060,Oregon,60,with,32200,50,with,45000
1262315,Oregon,51,with,33400,53,with,35000
13232,Oregon,73,with,36000,67,with,64800
200864,Oregon,42,with,101000,45,with,95000
227236,Oregon,65,with,60000,59,without,7000
416013,Oregon,50,with,150400,48,with,10800
692997,Oregon,68,with,67600,68,with,10000
548758,Oregon,44,with,60000,57,with,12400
151858,Oregon,78,with,19200,69,with,60400
680676,Oregon,66,with,43300,65,with,29500
1129506,Oregon,33,with,60000,32,with,26000
1180665,Oregon,28,with,30000,27,with,0
752585,Oregon,53,with,60000,61,with,40000
1072966,Oregon,73,with,27600,62,with,24000
1095128,Oregon,38,with,50000,39,with,0
1377030,Oregon,41,with,50000,40,with,15000
91122,Oregon,70,with,23700,56,with,11700
1172924,Oregon,46,with,58000,42,with,0
952098,Oregon,70,with,17400,64,with,0
1466774,Oregon,59,with,23600,63,with,23820
188532,Oregon,33,with,47000,33,with,38000
1194922,Oregon,63,with,62000,58,with,0
1012598,Oregon,27,with,8000,27,with,24000
363438,Oregon,28,without,16000,28,with,23000
1462086,Oregon,43,with,36020,42,with,36000
508543,Oregon,73,with,52900,71,with,10800
1505766,Oregon,63,with,23900,60,with,56000
352062,Oregon,45,with,110800,54,with,89000
733547,Oregon,69,with,39700,68,with,82600
451636,Oregon,30,without,75000,32,without,80000
340885,Oregon,51,with,104000,54,with,36400
1156933,Oregon,44,with,15230,40,with,10000
680665,Oregon,57,with,85000,51,with,56180
41791,Oregon,67,with,132000,63,with,76000
1048222,Oregon,65,with,150000,68,with,110000
1175340,Oregon,38,with,42500,33,with,40000
16672,Oregon,42,with,152000,44,with,40000
39766,Oregon,65,with,18500,61,with,0
234264,Oregon,61,with,22500,64,with,15300
417286,Oregon,58,with,25000,55,with,119000
1271180,Oregon,45,with,240000,40,with,26000
207280,Oregon,29,with,55000,28,with,0
458558,Oregon,55,with,32000,53,with,17000
530817,Oregon,27,without,40204,25,with,30000
1173702,Oregon,57,with,45000,56,with,120000
1038033,Oregon,68,with,26320,67,with,48800
878509,Oregon,64,with,75000,64,with,0
1107081,Oregon,62,with,436000,65,with,406000
223059,Oregon,47,with,52000,49,with,66000
814278,Oregon,62,with,109500,63,with,8400
640534,Oregon,53,with,466000,57,with,0
1184150,Oregon,29,with,0,29,with,0
936407,Oregon,68,with,10200,65,with,16800
437961,Oregon,75,with,25701,70,with,3100
484936,Oregon,78,with,12000,62,with,6040
61481,Oregon,65,with,56300,60,with,15600
444327,Oregon,79,with,49400,79,with,21400
1520353,Oregon,57,with,120000,55,with,16000
375940,Oregon,50,with,70000,50,with,6000
473608,Oregon,91,with,35700,86,with,19500
42503,Oregon,31,with,65010,37,with,50010
38748,Oregon,42,with,71000,30,with,50000
1428301,Oregon,27,with,72000,25,with,20000
373917,Oregon,69,with,205000,71,with,12000
1218777,Oregon,50,with,68000,52,with,16600
509775,Oregon,47,with,67000,40,with,50000
118694,Oregon,33,with,38400,32,with,65000
568351,Oregon,65,with,112000,61,with,12200
688005,Oregon,34,with,35000,36,with,15000
534366,Oregon,86,with,53200,86,with,2400
562398,Oregon,41,with,36000,43,with,36000
413098,Oregon,67,with,49200,62,with,4100
168202,Oregon,75,with,83800,76,with,36800
409648,Oregon,81,with,62000,77,with,50000
422165,Oregon,43,with,30000,40,with,60004
1321112,Oregon,60,without,18400,53,without,65000
8306,Oregon,48,with,102000,46,with,39000
372597,Oregon,46,with,28304,44,with,31700
862850,Oregon,38,with,135000,46,with,118000
1451352,Oregon,43,with,120000,45,with,20000
592718,Oregon,54,with,21600,45,with,7300
1417154,Oregon,53,with,42000,54,with,31000
158805,Oregon,59,with,190050,58,with,60000
549060,Oregon,65,with,66000,63,with,54600
337977,Oregon,47,with,83400,40,with,0
944498,Oregon,43,with,96000,35,with,32000
71221,Oregon,32,with,125000,34,with,255000
1494957,Oregon,62,with,65000,52,with,54000
24981,Oregon,76,with,30470,71,with,13600
1301519,Oregon,39,with,25000,48,with,71000
1040978,Oregon,74,with,19800,75,with,7200
1305545,Oregon,33,with,40000,34,with,3000
1233631,Oregon,60,with,95000,59,with,10300
1092848,Oregon,65,with,0,64,with,65000
1475539,Oregon,66,with,337000,66,with,0
90620,Oregon,63,with,30000,66,with,11800
225457,Oregon,70,with,14400,70,with,7200
135548,Oregon,57,with,60800,53,with,20200
941049,Oregon,47,with,189000,44,with,0
1036022,Oregon,75,with,23700,72,with,10800
676572,Oregon,41,with,35000,40,with,2000
976792,Oregon,47,with,4500,45,with,35000
1168562,Oregon,74,with,99200,73,with,0
1132761,Oregon,40,with,31400,49,with,31300
952342,Oregon,39,with,20000,38,without,11000
958027,Oregon,84,with,41480,82,with,10100
361066,Oregon,63,with,50000,55,with,-4500
339142,Oregon,63,with,34500,64,with,18300
1193791,Oregon,68,with,67800,58,with,38300
1512214,Oregon,84,with,63500,82,with,13000
1466754,Oregon,70,with,6500,64,with,4000
102301,Oregon,30,with,20000,26,with,28000
725020,Oregon,31,with,85000,30,with,24500
1145218,Oregon,48,with,43000,39,with,26500
1112938,Oregon,56,with,28100,55,with,33300
1278699,Oregon,74,with,27040,69,with,12000
147285,Oregon,68,with,89100,65,with,26700
1060979,Oregon,38,with,21000,33,with,29000
313292,Oregon,79,with,14400,74,with,2100
104497,Oregon,56,with,406000,45,with,68700
1387125,Oregon,87,with,30600,86,with,22200
265488,Oregon,74,with,36900,74,with,43200
1326715,Oregon,67,with,40500,65,with,14200
1039170,Oregon,65,with,78100,65,with,35000
644857,Oregon,59,with,-2200,67,with,23500
275093,Oregon,26,with,32000,27,with,28000
1476703,Oregon,44,with,47000,34,with,0
425907,Oregon,69,with,54300,67,with,37400
998374,Oregon,66,with,9600,69,with,15610
726437,Oregon,68,with,12200,65,with,57000
1064888,Oregon,54,with,69400,54,with,47800
1304168,Oregon,21,with,20000,22,with,18000
302961,Oregon,40,with,14401,38,with,13500
1012368,Oregon,52,with,4600,54,with,0
98686,Oregon,64,with,84400,63,with,22000
1316578,Oregon,60,with,79000,57,with,127000
792651,Oregon,25,with,35200,24,with,20800
685025,Oregon,66,with,30500,61,with,10800
1248170,Oregon,73,with,52950,66,with,10300
388389,Oregon,78,with,27100,74,with,27400
807753,Oregon,65,with,120000,54,with,124000
424943,Oregon,66,with,25800,65,with,25600
1137781,Oregon,79,with,85000,74,with,7200
863485,Oregon,40,with,135000,38,with,3600
444779,Oregon,39,with,45400,34,with,82020
843213,Oregon,63,with,120000,64,with,15000
83509,Oregon,68,with,51800,67,with,22000
971141,Oregon,41,with,14400,35,with,65000
767931,Oregon,31,with,53000,34,with,0
970402,Oregon,81,with,30800,81,with,17900
485558,Oregon,81,with,49000,79,with,19000
147914,Oregon,50,with,100000,51,with,56060
940349,Oregon,73,with,408600,67,with,419400
1158240,Oregon,78,with,62500,77,with,10400
145861,Oregon,71,with,70400,71,with,14000
1142959,Oregon,64,with,12000,62,with,8900
1426010,Oregon,51,with,90000,48,with,45000
1092095,Oregon,59,with,419500,57,with,0
499166,Oregon,57,with,170000,51,with,0
224886,Oregon,75,with,36300,66,with,39300
164597,Oregon,63,with,26500,61,with,0
315605,Oregon,59,with,55000,54,with,45200
613778,Oregon,36,with,25000,35,with,18000
1080816,Oregon,49,with,90000,46,with,45000
1387285,Oregon,63,with,87000,61,with,72000
1242664,Oregon,70,with,34800,69,with,21400
1420188,Oregon,31,with,16300,31,with,77000
497850,Oregon,48,with,20000,37,with,43000
714,Oregon,41,with,13630,36,with,30
60687,Oregon,71,with,26404,68,with,11204
597710,Oregon,71,with,168070,76,with,28700
790005,Oregon,79,with,72200,75,with,19700
787227,Oregon,54,with,38000,54,with,12500
773945,Oregon,65,with,28390,70,with,12700
1082583,Oregon,35,with,50000,34,with,56000
93340,Oregon,74,with,18900,73,with,4300
582201,Oregon,48,with,70000,50,with,20000
1156616,Oregon,72,with,35000,64,without,5000
968972,Oregon,36,with,28500,44,with,0
928532,Oregon,45,with,147000,45,with,203000
356604,Oregon,62,with,255000,66,with,0
163252,Oregon,27,without,19000,26,without,22000
675761,Oregon,51,with,230000,50,with,180000
733166,Oregon,74,with,48200,71,with,17700
702882,Oregon,32,with,50000,30,with,22000
1160986,Oregon,41,with,22000,40,with,0
1054605,Oregon,59,with,60000,66,with,8850
582050,Oregon,63,with,44700,63,with,7600
263428,Oregon,70,with,225200,74,with,73400
985647,Oregon,34,without,37000,32,without,32000
297503,Oregon,88,with,20200,75,with,48000
641563,Oregon,71,with,99000,71,with,28000
1319434,Oregon,41,with,11000,41,with,48000
1399966,Oregon,47,without,80000,46,without,0
343608,Oregon,76,with,33700,73,with,12200
801453,Oregon,72,with,23000,59,with,81000
367879,Oregon,29,with,46000,31,with,125000
1258631,Oregon,42,with,85000,41,with,22000
1424976,Oregon,46,with,127000,48,with,65000
870565,Oregon,72,with,411000,72,with,217000
84826,Oregon,70,with,60200,75,with,8500
988421,Oregon,60,with,156000,52,with,0
244483,Oregon,63,with,72500,63,without,0
763422,Oregon,42,with,35000,39,with,407500
955959,Oregon,37,with,40000,30,with,23000
163685,Oregon,54,with,26800,52,with,4300
1287553,Oregon,40,with,55000,38,with,140000
1364893,Oregon,75,with,23000,63,with,14400
640221,Oregon,43,with,55000,40,with,47000
548239,Oregon,26,with,82000,26,with,15000
1520735,Oregon,49,with,1400,45,with,15000
315363,Oregon,71,with,48100,73,with,24000
642719,Oregon,27,with,31000,23,with,24230
530779,Oregon,67,with,48300,68,with,45500
1292896,Oregon,68,with,49800,70,with,35300
1347943,Oregon,73,with,17200,74,with,26100
1232618,Oregon,36,with,132000,34,with,8000
763477,Oregon,59,with,120000,61,with,15200
839105,Oregon,71,with,235000,66,with,62700
1064697,Oregon,36,with,26400,34,with,19800
1252256,Oregon,79,with,24200,74,with,11800
43127,Oregon,32,with,36000,36,with,12000
1284964,Oregon,42,with,20000,42,with,0
299373,Oregon,67,with,17100,66,with,58400
680596,Oregon,46,with,125000,46,with,70000
1401036,Oregon,19,with,25000,20,with,3000
638516,Oregon,31,with,80000,31,with,0
377834,Oregon,66,with,36400,64,with,12000
234525,Oregon,72,with,71700,63,with,105000
935569,Oregon,42,with,150000,36,with,0
931248,Oregon,33,with,50000,34,with,4400
9144,Oregon,55,with,230500,53,with,0
774405,Oregon,66,with,26000,63,with,13600
793106,Oregon,32,with,25000,29,with,9000
11703,Oregon,57,with,21800,54,with,3900
626863,Oregon,48,with,8800,44,with,9700
607618,Oregon,55,with,75000,48,with,39600
40594,Oregon,30,with,70000,29,with,66000
614483,Oregon,58,without,8000,57,without,8000
1112950,Oregon,32,with,45000,32,with,0
344782,Oregon,47,with,34900,40,with,100000
443321,Oregon,63,with,55000,45,with,25050
906265,Oregon,59,with,0,57,with,0
620640,Oregon,47,with,202500,44,with,170000
1334554,Oregon,56,with,30000,54,with,11000
1335168,Oregon,77,with,101300,78,with,10960
1060789,Oregon,63,with,39000,65,with,13000
1186839,Oregon,64,with,7000,58,with,5500
772523,Oregon,44,with,39900,39,with,33601
1477149,Oregon,34,with,36000,29,with,32000
585705,Oregon,54,with,32400,68,with,7700
234033,Oregon,51,with,95000,40,with,35000
1434210,Oregon,34,with,64000,34,with,68000
303320,Oregon,79,with,6600,77,with,6600
146446,Oregon,28,with,70000,28,with,72000
1422664,Oregon,30,with,80000,34,with,1900
1368124,Oregon,64,with,134000,63,with,0
1038760,Oregon,85,with,1600,83,with,14400
1303754,Oregon,70,with,22600,77,with,10100
1041950,Oregon,63,with,71500,64,with,91100
495636,Oregon,59,with,90000,57,with,0
173148,Oregon,31,with,86350,27,with,0
1510782,Oregon,45,with,50000,47,with,70380
1326425,Oregon,49,with,112000,50,with,14600
276335,Oregon,32,with,58000,33,with,36000
1092234,Oregon,62,with,35000,62,with,16800
1379334,Oregon,54,with,60000,55,with,24000
746115,Oregon,68,with,46800,68,with,15400
537430,Oregon,51,with,130530,48,with,28010
1027935,Oregon,39,with,22000,30,with,0
1190296,Oregon,65,with,60000,56,with,90000
222432,Oregon,29,with,39000,31,with,100000
687446,Oregon,49,with,175100,54,with,0
993723,Oregon,39,with,0,48,with,59000
835407,Oregon,55,with,12900,55,with,0
1317761,Oregon,52,with,120,36,with,13600
1072077,Oregon,30,with,50000,32,with,20000
909877,Oregon,30,with,70000,31,with,39800
635281,Oregon,61,with,58000,60,with,39200
708319,Oregon,63,with,54350,63,with,8900
1139421,Oregon,62,with,31500,58,with,14000
760535,Oregon,44,with,3000,37,with,16600
715553,Oregon,61,with,213000,62,with,7000
453664,Oregon,59,with,44200,47,with,4500
132444,Oregon,65,with,40000,63,with,33000
547514,Oregon,45,with,50000,42,with,45000
1268475,Oregon,41,with,60000,37,with,42700
1277207,Oregon,45,with,45000,45,with,45000
1483323,Oregon,44,with,67000,48,with,60000
665267,Oregon,73,with,19000,82,with,16800
252493,Oregon,57,with,18200,49,with,5700
38796,Oregon,45,with,66000,51,with,0
59631,Oregon,44,with,102010,37,with,53000
57905,Oregon,75,with,52070,71,with,10900
1149857,Oregon,68,with,72400,67,with,12000
639,Oregon,28,with,21000,26,with,12000
194098,Oregon,62,with,283900,57,with,800
998579,Oregon,86,with,22904,83,with,19400
1188794,Oregon,39,with,3500,39,with,406000
831632,Oregon,36,without,28420,33,with,34800
1315410,Oregon,25,with,5000,25,with,29200
1427082,Oregon,44,with,59000,58,with,41500
362924,Oregon,33,with,66000,31,with,30000
744703,Oregon,62,with,2130,61,with,93000
599310,Oregon,68,with,29000,65,with,13400
534103,Oregon,49,with,40000,46,without,15600
665199,Oregon,53,with,175000,50,with,75000
916857,Oregon,80,with,22000,80,with,9600
1106273,Oregon,68,with,13200,64,with,13200
1420452,Oregon,75,with,57600,70,with,6800
1101407,Oregon,46,with,168000,43,with,130000
922790,Oregon,56,with,90000,56,with,43600
1207651,Oregon,73,with,161800,72,with,13200
633123,Oregon,41,with,47000,42,with,52000
451550,Oregon,71,with,108700,70,with,79300
1457421,Oregon,38,with,54000,35,with,55000
240071,Oregon,68,with,24340,65,with,15250
1122077,Oregon,37,with,77000,31,with,72000
77373,Oregon,57,with,60000,58,with,1500
1350400,Oregon,35,with,17000,31,with,62000
243124,Oregon,31,with,84600,29,with,0
246835,Oregon,41,without,25000,32,without,7500
474038,Oregon,74,with,44400,70,with,8600
1307113,Oregon,80,with,15000,69,with,17200
1490801,Oregon,80,with,40700,70,with,20200
858998,Oregon,61,with,305000,61,with,50000
42217,Oregon,50,with,20000,51,with,90000
1422335,Oregon,65,with,34700,64,with,30000
380712,Oregon,67,with,84900,59,with,3000
860006,Oregon,58,with,10000,62,with,255000
1252222,Oregon,49,without,26000,56,without,1100
475483,Oregon,27,with,40800,27,with,39000
431485,Oregon,51,with,80000,56,with,12000
27280,Oregon,37,with,110000,36,with,70000
712268,Oregon,64,with,20000,62,with,62000
1249949,Oregon,57,with,30000,48,with,30000
927195,Oregon,48,with,21800,44,with,19000
968976,Oregon,79,with,52400,50,with,56000
834734,Oregon,74,with,70300,69,with,0
841141,Oregon,23,with,19000,21,with,19000
1321963,Oregon,27,with,38000,29,with,4300
454896,Oregon,69,with,87600,69,with,19900
485204,Oregon,48,with,125000,48,with,36000
522368,Oregon,78,with,132000,77,with,46800
1440443,Oregon,69,with,53800,66,with,35600
1490636,Oregon,66,with,42700,59,with,81000
1521413,Oregon,64,with,115000,63,with,7500
827398,Oregon,44,with,6000,44,with,12700
1337682,Oregon,57,with,48000,62,with,38800
1283798,Oregon,87,with,32700,87,with,27600
703725,Oregon,94,with,8000,84,with,54100
983274,Oregon,68,with,3500,63,with,4800
893020,Oregon,33,with,26000,32,with,72000
1351562,Oregon,61,with,7200,61,with,13200
543709,Oregon,30,with,39000,35,with,300
283129,Oregon,74,with,44100,72,with,29000
1296068,Oregon,49,with,80004,47,with,49004
1126516,Oregon,34,with,85050,34,with,120200
1335209,Oregon,66,with,133100,56,with,7300
839702,Oregon,54,with,69600,57,with,1200
238671,Oregon,84,with,15600,69,with,55200
300764,Oregon,74,with,39000,61,with,0
318487,Oregon,65,with,23060,65,with,97200
337015,Oregon,34,with,83000,36,with,0
1512024,Oregon,34,with,32630,35,with,3500
69126,Oregon,72,with,48500,77,with,65700
921309,Oregon,67,with,43700,60,with,41600
444885,Oregon,34,with,52000,34,with,0
613279,Oregon,37,with,100000,38,with,30000
490670,Oregon,80,with,26000,76,with,12100
651909,Oregon,38,with,6000,36,with,56000
496786,Oregon,76,with,24000,58,with,34500
1364982,Oregon,43,with,78000,36,with,35000
49274,Oregon,62,with,85000,62,with,0
1366285,Oregon,38,with,9000,39,with,25000
315438,Oregon,79,with,51300,70,with,32100
121355,Oregon,51,without,35000,42,without,0
442304,Oregon,38,with,63500,35,with,13500
252718,Oregon,69,with,156500,65,with,7700
387511,Oregon,66,with,56300,56,with,100000
1117149,Oregon,29,with,80000,32,with,200000
193986,Oregon,89,with,36000,86,with,26780
1023615,Oregon,74,with,14800,61,without,20000
133266,Oregon,87,with,67500,86,with,28300
744524,Oregon,55,with,164400,55,with,112000
131492,Oregon,77,with,30900,76,with,18290
541777,Oregon,74,with,28800,67,with,11900
773823,Oregon,50,with,85000,49,with,30000
701262,Oregon,63,with,154000,60,with,115000
1158665,Oregon,53,with,55000,57,with,25000
1124923,Oregon,70,with,58000,71,with,20000
94773,Oregon,45,with,70000,46,with,0
1451134,Oregon,75,with,40700,73,with,21500
1410164,Oregon,94,with,39300,87,with,0
1470827,Oregon,54,with,33400,51,with,31500
520203,Oregon,32,with,45000,26,with,35000
1436564,Oregon,60,with,200400,57,with,1400
1502946,Oregon,60,with,61500,56,with,90000
742484,Oregon,56,with,135100,56,with,22000
458358,Oregon,49,with,45000,38,with,30000
982775,Oregon,56,with,25000,56,with,22990
595469,Oregon,63,with,147310,63,with,136100
130845,Oregon,31,with,88000,30,with,20000
543849,Oregon,70,with,26000,67,with,21400
92105,Oregon,60,with,160000,54,with,10000
521456,Oregon,68,with,60900,64,with,5500
1083835,Oregon,43,with,50000,39,with,32000
53671,Oregon,48,with,107300,44,with,45600
1072208,Oregon,48,with,135020,63,with,8000
192504,Oregon,58,with,28300,58,with,143000
537893,Oregon,41,with,60000,45,with,55000
1166461,Oregon,58,with,24000,64,with,14400
514756,Oregon,33,with,36000,36,with,36400
1267380,Oregon,31,with,98000,29,with,47000
699335,Oregon,40,with,25000,29,with,0
979633,Oregon,81,with,0,77,with,7850
1145585,Oregon,50,with,84000,53,with,34000
267041,Oregon,69,with,19600,69,with,13600
266485,Oregon,35,with,80000,34,with,90000
497865,Oregon,54,with,27600,53,with,75000
775640,Oregon,68,with,21800,67,with,89400
304515,Oregon,29,with,0,29,with,200000
1444956,Oregon,66,with,65300,63,with,11300
1352632,Oregon,62,with,19800,48,with,30000
555062,Oregon,64,with,56400,62,with,15750
1519164,Oregon,70,with,16800,71,with,14800
1127897,Oregon,76,with,91500,68,with,8500
383692,Oregon,79,with,85700,73,with,0
1037406,Oregon,70,with,167500,68,with,11050
499934,Oregon,69,without,0,65,with,19200
224895,Oregon,35,with,151000,33,with,0
579304,Oregon,62,with,125000,61,with,20000
658160,Oregon,44,with,165000,42,with,170000
1173257,Oregon,83,with,74100,77,with,2000
1460352,Oregon,53,with,33000,43,with,10300
711131,Oregon,68,with,75100,62,with,184000
1023044,Oregon,69,with,86000,71,with,16000
861305,Oregon,36,with,57000,31,without,23700
1344340,Oregon,69,with,93900,68,with,38900
569738,Oregon,48,with,49000,48,with,10000
864552,Oregon,33,with,48000,33,with,2200
848966,Oregon,76,with,28700,60,without,9600
381989,Oregon,52,with,41000,52,with,27000
241585,Oregon,43,with,142000,62,with,35000
249178,Oregon,67,with,68600,65,with,14000
1422252,Oregon,56,with,30000,41,with,31500
1394704,Oregon,43,with,67000,40,with,7500
766430,Oregon,33,with,74000,32,with,36000
172636,Oregon,38,with,72000,42,with,0
193912,Oregon,47,with,110000,44,with,55750
81445,Oregon,31,with,60300,30,with,30000
796063,Oregon,56,without,50000,55,without,98200
303451,Oregon,62,with,139000,63,with,113000
1440909,Oregon,51,with,105800,51,with,39000
1471755,Oregon,75,with,80000,73,with,31100
451168,Oregon,75,with,60000,76,with,24000
63167,Oregon,46,with,55000,46,with,50000
740680,Oregon,50,with,55000,46,with,30000
811239,Oregon,63,with,10800,60,with,134000
1099775,Oregon,65,with,26500,64,with,23600
493748,Oregon,63,with,62000,53,with,74000
199830,Oregon,68,with,139300,66,with,99200
818434,Oregon,69,with,43300,67,with,7050
1218462,Oregon,55,with,54000,48,with,106080
780134,Oregon,40,without,70000,38,without,0
330564,Oregon,62,with,13250,63,with,13200
1341730,Oregon,26,with,30000,26,with,0
973757,Oregon,57,with,96000,55,with,6020
1330620,Oregon,63,with,110060,57,with,35100
1144196,Oregon,61,with,160000,59,with,1
222063,Oregon,23,with,12000,26,with,800
1330307,Oregon,59,with,100000,56,with,35300
1298313,Oregon,76,with,46300,62,with,60200
163705,Oregon,58,with,31700,60,with,0
105177,Oregon,41,with,9000,34,with,45000
759259,Oregon,55,with,13500,54,with,152000
151569,Oregon,44,with,65100,40,with,250
284443,Oregon,49,with,100000,50,with,105000
1318001,Oregon,54,with,170000,56,with,100000
971460,Oregon,24,with,14400,24,with,0
393970,Oregon,55,with,90500,61,with,500
301867,Oregon,64,with,16550,59,with,7000
241184,Oregon,47,with,50000,47,with,0
1322166,Oregon,62,with,70000,59,with,65000
453470,Oregon,69,with,1500,69,with,9000
1004396,Oregon,74,with,19800,66,with,108900
568733,Oregon,66,with,21200,65,with,16200
1011347,Oregon,64,with,37800,52,with,75800
559567,Oregon,80,with,21200,76,with,44700
446927,Oregon,54,with,100000,51,with,3600
717033,Oregon,64,with,22000,63,with,10000
1433647,Oregon,63,with,72400,58,with,19200
1141631,Oregon,32,with,15000,31,with,15000
1209085,Oregon,83,with,33300,78,with,7200
1384920,Oregon,52,with,55000,47,with,20000
1338142,Oregon,67,with,30800,54,with,0
364114,Oregon,37,without,406000,37,without,92000
469308,Oregon,76,with,78000,61,with,7500
1205393,Oregon,49,with,81000,39,with,0
44715,Oregon,34,with,50000,33,with,50000
243705,Oregon,35,with,32000,35,without,8000
1371051,Oregon,74,with,40700,74,with,37400
595825,Oregon,68,with,49400,65,with,10000
160117,Oregon,58,with,10000,53,with,10000
886767,Oregon,46,with,65000,53,with,30000
897749,Oregon,79,with,15900,78,with,5900
163631,Oregon,68,with,29600,71,with,11100
1107079,Oregon,30,with,85000,26,with,15000
1212421,Oregon,35,with,56000,33,with,65000
1095155,Oregon,56,with,150000,50,with,0
1258612,Oregon,72,with,157950,69,with,87100
765219,Oregon,45,with,407000,44,with,0
1060174,Oregon,63,with,42400,56,with,0
382824,Oregon,39,with,154000,39,with,130000
1092769,Oregon,75,with,47100,76,with,34500
1045302,Oregon,78,with,51600,71,with,48500
1487131,Oregon,26,without,50000,33,without,40000
342367,Oregon,41,with,33900,40,with,46200
934147,Oregon,72,with,25000,67,with,20500
631047,Oregon,76,with,71000,75,with,45000
636906,Oregon,51,with,54000,55,with,50000
843591,Oregon,55,with,13000,45,without,42000
473783,Oregon,51,with,60000,50,with,0
621105,Oregon,38,with,26700,36,with,20000
1404075,Oregon,77,with,35000,73,with,56000
165693,Oregon,66,with,69300,56,with,12000
1108722,Oregon,67,with,100000,61,with,102000
955014,Oregon,44,with,43200,35,with,4800
679272,Oregon,69,with,73604,68,with,7500
753669,Oregon,26,with,35000,26,with,47000
1070883,Oregon,38,with,63000,40,with,500
1247461,Oregon,27,with,103000,31,with,77000
520473,Oregon,35,with,34000,34,with,90730
619888,Oregon,31,with,32000,28,without,12000
247601,Oregon,35,with,75500,33,with,50000
150247,Oregon,53,with,42000,51,with,15000
1517523,Oregon,78,with,29400,75,with,8400
553355,Oregon,57,with,100,58,with,130100
608447,Oregon,63,with,65260,61,with,0
795155,Oregon,40,without,47500,32,without,25000
75141,Oregon,57,with,40900,72,with,82100
836050,Oregon,36,with,406000,36,with,0
472377,Oregon,55,with,46000,54,with,59000
992024,Oregon,69,with,26000,67,with,9000
637125,Oregon,43,with,184000,40,with,0
996289,Oregon,68,with,122000,65,with,11000
840784,Oregon,73,with,34500,71,with,17900
1465559,Oregon,35,with,59020,32,with,66000
841171,Oregon,57,with,60590,55,with,5900
181681,Oregon,36,with,1,39,with,6500
1427453,Oregon,53,with,120000,51,with,36000
957431,Oregon,32,with,80000,31,with,0
954378,Oregon,77,with,14400,80,with,10400
743208,Oregon,74,with,100200,71,with,0
627936,Oregon,37,with,35000,26,with,17400
239326,Oregon,57,with,16400,68,with,8500
840546,Oregon,48,with,267000,44,with,15000
1314122,Oregon,42,with,146400,34,with,2000
1117308,Oregon,26,with,2900,36,with,60000
285867,Oregon,63,with,64000,61,with,72000
1096387,Oregon,55,with,18000,50,with,6500
1296016,Oregon,53,with,34500,50,with,35000
1425580,Oregon,53,with,55000,45,with,62000
448307,Oregon,63,with,25000,57,with,30200
414939,Oregon,38,without,81500,36,without,0
423017,Oregon,69,with,35000,61,with,23900
1340196,Oregon,82,with,18600,67,with,80000
1046543,Oregon,49,with,38000,44,with,35400
1098185,Oregon,49,with,31400,55,with,3000
790818,Oregon,70,with,58200,63,with,24000
958536,Oregon,54,with,14600,49,with,0
37962,Oregon,72,with,18000,69,with,14400
1197804,Oregon,75,with,24440,66,with,11100
500819,Oregon,88,with,21104,81,with,13500
1047888,Oregon,53,with,42300,51,with,0
1243022,Oregon,54,with,30000,50,with,94100
417856,Oregon,54,with,0,52,with,185000
802355,Oregon,49,with,26000,52,with,70000
1136859,Oregon,54,without,35000,56,without,0
1413304,Oregon,50,with,100000,51,with,0
504587,Oregon,64,with,84600,54,with,32000
1042817,Oregon,53,with,49700,51,with,20000
583785,Oregon,60,with,137900,52,with,24000
357983,Oregon,38,with,65000,39,without,0
987531,Oregon,26,with,60020,26,with,60000
539401,Oregon,52,with,50000,51,with,47600
86,Oregon,82,with,27200,72,with,7300
1214499,Oregon,47,with,35000,50,with,125000
293036,Oregon,75,with,33300,72,with,20900
155268,Oregon,59,with,45000,55,with,3000
396180,Oregon,71,with,18700,60,with,38400
898150,Oregon,67,with,116000,69,with,9600
65518,Oregon,64,with,12000,65,with,30500
583724,Oregon,59,with,8500,50,with,27000
321555,Oregon,25,with,82000,24,with,30000
439252,Oregon,57,with,74000,58,with,0
105354,Oregon,45,with,80000,48,with,35000
917295,Oregon,51,with,96000,49,with,0
1227319,Oregon,43,with,77200,46,with,70000
1068231,Oregon,65,with,80000,70,with,15500
1515669,Oregon,47,with,93600,41,with,0
1211522,Oregon,39,with,60000,40,with,60
811538,Oregon,33,with,19800,30,with,21000
1439160,Oregon,26,with,33000,24,with,21400
1341481,Oregon,56,with,42000,45,with,12000
259856,Oregon,79,with,16000,85,with,13000
1127043,Oregon,67,with,210000,68,with,19000
247992,Oregon,64,with,104000,62,with,0
553483,Oregon,57,with,25000,56,with,25000
1373294,Oregon,35,with,80000,33,with,10000
551459,Oregon,54,with,11000,50,with,2000
485241,Oregon,34,with,115000,33,with,55000
1189465,Oregon,45,with,30000,45,with,100000
106072,Oregon,30,with,64000,32,with,125500
1343715,Oregon,62,with,11100,59,with,0
1384078,Oregon,69,with,24100,66,with,18500
814519,Oregon,47,with,0,52,with,406000
327311,Oregon,64,with,48850,60,with,28300
1417463,Oregon,74,with,85000,70,with,15000
789094,Oregon,46,with,115000,40,with,81000
198896,Oregon,60,with,18000,63,with,51000
290244,Oregon,94,with,50100,86,with,6400
547874,Oregon,58,with,15300,56,with,2000
865214,Oregon,42,with,28000,50,with,9000
1364377,Oregon,35,with,98000,37,with,32000
1509965,Oregon,58,with,55000,53,with,17000
1267361,Oregon,50,with,12000,54,with,36000
129109,Oregon,43,with,50000,43,with,16000
641496,Oregon,62,with,70300,61,with,201000
1202736,Oregon,37,with,40000,26,with,20000
329607,Oregon,70,with,24900,70,with,26000
223918,Oregon,68,with,37000,67,with,11500
1428046,Oregon,65,with,107700,58,with,18700
1461728,Oregon,71,with,218000,79,with,3000
959318,Oregon,45,with,11900,40,without,10800
1127384,Oregon,49,with,62070,45,with,70
283578,Oregon,52,with,52000,45,with,12000
1488455,Oregon,64,with,28000,48,with,56000
739799,Oregon,36,with,80300,34,with,35000
1245463,Oregon,83,with,52900,79,with,39400
649749,Oregon,40,with,35000,40,with,11000
487096,Oregon,67,with,28800,60,with,4000
801470,Oregon,44,without,60000,43,with,40000
1221507,Oregon,50,with,188800,47,with,210000
1172052,Oregon,59,with,45700,49,without,25000
24609,Oregon,32,with,58000,32,with,0
1196293,Oregon,53,with,66000,52,with,0
593785,Oregon,51,without,70000,43,without,0
883959,Oregon,54,without,0,59,with,16100
204779,Oregon,39,with,6610,35,with,110000
448872,Oregon,51,with,243000,51,with,0
189384,Oregon,57,with,26900,53,with,22000
914557,Oregon,53,with,69000,49,with,37000
961729,Oregon,49,with,60000,50,with,6000
1235391,Oregon,67,with,90000,67,with,12000
386510,Oregon,50,with,11000,45,with,26000
147300,Oregon,38,with,60000,39,with,50000
1463739,Oregon,65,with,156500,60,with,68620
213038,Oregon,34,with,97000,34,with,4700
161081,Oregon,73,with,6100,69,with,9300
711951,Oregon,75,with,15000,81,with,15000
980955,Oregon,36,with,26300,40,with,20000
499622,Oregon,31,with,15000,37,with,58000
542032,Oregon,64,with,19800,61,with,22800
421764,Oregon,56,with,63000,67,with,10350
471619,Oregon,36,with,66000,33,with,40000
100709,Oregon,62,with,70000,59,with,0
455190,Oregon,65,with,51500,65,with,8400
545014,Oregon,65,with,70000,68,with,6400
1103596,Oregon,50,with,27500,50,with,35000
766087,Oregon,29,with,37000,27,with,30000
1246243,Oregon,42,with,135000,42,with,0
886280,Oregon,58,with,47000,61,with,0
578658,Oregon,36,without,50000,34,without,0
1245614,Oregon,43,with,58000,35,with,20000
612772,Oregon,62,with,57000,53,with,30000
528642,Oregon,63,with,30000,63,with,2900
1168515,Oregon,55,with,125000,49,with,720
1051361,Oregon,45,with,35500,43,with,5000
797237,Oregon,76,with,34800,67,with,24000
219249,Oregon,27,with,30000,26,with,0
1388843,Oregon,53,with,28000,51,with,24000
1007153,Oregon,45,with,92000,45,with,90000
140630,Oregon,45,with,105000,40,with,300
246822,Oregon,66,with,86700,64,with,126000
499154,Oregon,53,with,39400,53,with,122300
354382,Oregon,63,with,661000,54,with,-4500
892593,Oregon,76,with,25700,75,with,10200
737169,Oregon,48,with,60000,47,with,10500
876867,Oregon,67,with,8100,67,with,11800
565640,Oregon,37,with,32000,49,with,0
822152,Oregon,79,with,40500,77,with,41600
477043,Oregon,75,with,17600,78,with,6700
837049,Oregon,42,with,5200,45,with,15000
185275,Oregon,56,with,30000,63,with,0
1449030,Oregon,41,with,75000,46,with,80000
1412467,Oregon,23,with,6000,25,with,7000
1239601,Oregon,36,without,27000,46,without,2500
1320942,Oregon,30,with,51000,28,with,0
596725,Oregon,42,without,28500,40,without,30000
113792,Oregon,77,with,50900,79,with,20500
738532,Oregon,46,with,107000,45,with,15000
1141761,Oregon,84,with,37800,73,with,10500
1208973,Oregon,33,with,35800,32,with,50000
657497,Oregon,59,without,25600,53,without,0
950550,Oregon,78,with,75600,74,with,9500
30442,Oregon,54,with,60000,47,with,26000
1062450,Oregon,61,with,56150,57,with,19200
1084404,Oregon,75,with,50200,69,with,12200
813829,Oregon,32,with,115000,28,with,30000
1279505,Oregon,60,with,21300,52,with,42000
843283,Oregon,59,with,611000,49,with,1
1510383,Oregon,52,with,55000,61,with,-200
1022939,Oregon,51,with,40000,51,with,23000
15873,Oregon,80,with,46700,77,with,7000
508017,Oregon,44,with,19000,43,with,15000
584291,Oregon,37,with,70000,33,with,87000
412972,Oregon,42,with,40000,35,with,19000
820579,Oregon,48,with,100000,47,with,6000
1012124,Oregon,60,with,52000,60,with,64500
782783,Oregon,59,with,29000,61,with,29000
1236002,Oregon,39,with,42000,47,with,55020
1497475,Oregon,47,with,28000,47,with,96000
1341782,Oregon,62,with,30000,56,with,0
1304834,Oregon,81,with,46800,82,with,10500
340487,Oregon,58,with,102100,54,with,59000
1413600,Oregon,59,with,24400,58,with,13600
899862,Oregon,33,without,54000,32,with,0
1329987,Oregon,29,with,35000,30,with,15000
1253230,Oregon,66,with,15100,65,with,7200
1033323,Oregon,50,with,406000,45,with,406000
1117516,Oregon,60,with,130100,59,with,0
1360698,Oregon,26,with,42000,23,with,40000
439115,Oregon,67,with,69050,65,with,12000
1070235,Oregon,53,with,69000,50,with,60000
523539,Oregon,67,with,24000,63,with,12000
296351,Oregon,60,with,38000,60,with,8000
366514,Oregon,51,with,26000,62,with,22200
1399446,Oregon,39,with,55400,39,with,197400
570233,Oregon,44,with,90000,39,with,25000
1419217,Oregon,37,without,45000,39,without,0
361469,Oregon,69,with,40400,69,with,8600
283844,Oregon,41,with,10000,38,with,78000
1409902,Oregon,72,with,86900,73,with,101800
656507,Oregon,62,with,29200,59,with,16600
92775,Oregon,67,with,64000,49,with,100000
171349,Oregon,32,with,0,30,with,63000
1097961,Oregon,61,with,3400,56,with,7000
922557,Oregon,33,with,45000,30,with,39000
625166,Oregon,50,with,24000,44,with,24000
746830,Oregon,42,with,56000,42,with,36000
139413,Oregon,69,with,108000,66,with,0
251577,Oregon,60,without,0,52,with,5000
611801,Oregon,59,with,25000,59,with,0
670539,Oregon,87,with,1300,65,with,13500
1096599,Oregon,64,with,17400,62,with,16800
1301461,Oregon,69,with,53000,64,with,28000
670217,Oregon,47,with,7200,58,with,9050
1205342,Oregon,54,with,65000,52,with,46000
1361392,Oregon,59,with,2400,63,with,16800
394204,Oregon,52,with,130000,53,with,65000
877419,Oregon,67,with,22600,60,with,43000
1338118,Oregon,75,with,29800,56,with,6800
665315,Oregon,55,with,27700,54,with,411000
901853,Oregon,72,with,66000,66,with,12000
64405,Oregon,77,with,22300,74,with,8000
31660,Oregon,57,with,118240,62,with,60000
1109857,Oregon,37,with,140000,35,without,80000
737766,Oregon,48,with,48000,55,with,20000
283831,Oregon,78,with,55800,76,with,40600
159141,Oregon,37,with,50000,33,with,30000
344767,Oregon,75,with,22000,56,with,0
177701,Oregon,38,with,45000,36,with,0
887008,Oregon,45,with,100000,41,with,406000
1259299,Oregon,77,with,30400,76,with,10100
1206587,Oregon,54,with,76000,57,with,26000
619808,Oregon,76,with,90000,69,with,0
32759,Oregon,34,with,22800,32,with,3000
309143,Oregon,40,with,89000,32,with,9200
753352,Oregon,46,with,79000,44,with,29000
303602,Oregon,58,with,84000,60,with,13200
236110,Oregon,49,with,35000,44,with,3100
1349551,Oregon,60,with,50300,55,with,22004
1261084,Oregon,61,with,13000,72,with,14900
555910,Oregon,67,with,10000,63,without,12400
152702,Oregon,42,with,50000,40,with,79000
1311195,Oregon,51,with,150050,54,with,0
675905,Oregon,49,with,185500,48,with,254000
707438,Oregon,44,with,43200,35,with,0
581243,Oregon,37,with,28800,32,with,85000
1174828,Oregon,67,with,56000,66,with,11900
576006,Oregon,60,with,32000,56,with,74200
1375522,Oregon,31,with,75000,29,with,45000
327777,Oregon,56,with,10000,51,with,52000
1210835,Oregon,70,with,66100,70,with,56300
223162,Oregon,56,with,30000,57,with,10000
25103,Oregon,73,with,74200,74,with,9700
324343,Oregon,34,with,30000,35,with,42800
850751,Oregon,62,with,31000,56,without,48000
593910,Oregon,54,with,100000,44,with,60000
979795,Oregon,30,with,40000,30,with,7700
576059,Oregon,52,with,11000,50,with,20000
1340589,Oregon,77,with,12500,74,with,12500
971696,Oregon,32,with,50000,31,with,60700
1309542,Oregon,65,with,43600,63,with,7900
1247360,Oregon,24,with,14500,21,with,2500
706654,Oregon,74,with,155500,72,with,8500
460101,Oregon,27,with,35000,26,with,30000
1356407,Oregon,73,with,14600,70,with,32400
1504700,Oregon,69,with,190000,72,with,230300
1239773,Oregon,47,with,220200,46,with,220200
172625,Oregon,33,with,47200,34,with,9000
465128,Oregon,56,with,20000,55,with,450
1424100,Oregon,41,with,42000,29,with,40000
1459097,Oregon,52,with,40000,50,with,50000
1224719,Oregon,63,with,406000,62,with,35000
906029,Oregon,67,with,61200,63,with,50000
556513,Oregon,69,with,28900,65,with,9600
732855,Oregon,81,with,15200,80,with,6170
1382706,Oregon,57,with,46600,49,with,73600
1304501,Oregon,31,with,5200,32,with,98400
682614,Oregon,70,with,163000,70,with,13000
712734,Oregon,71,with,22500,70,with,7700
358224,Oregon,36,with,100000,28,with,45000
537775,Oregon,52,with,114000,51,with,21400
1119147,Oregon,63,without,15000,63,with,59000
1270635,Oregon,74,with,60000,69,with,50400
1062865,Oregon,50,with,145000,52,with,56000
1306455,Oregon,53,with,45000,53,with,35000
1198089,Oregon,55,with,418000,55,with,41000
524690,Oregon,67,with,13000,65,with,420
279228,Oregon,67,with,0,67,with,13800
1224160,Oregon,38,with,88000,40,with,25000
1174621,Oregon,77,with,17900,78,with,29850
655113,Oregon,63,with,35000,60,with,15000
1229659,Oregon,60,with,65000,52,with,18400
690673,Oregon,53,with,68000,49,with,34700
1253995,Oregon,56,with,85000,56,with,32000
832610,Oregon,66,with,18000,63,with,60000
1119198,Oregon,55,with,29100,51,with,36500
998375,Oregon,60,with,0,56,with,120000
132736,Oregon,62,with,50100,62,with,64800
1167314,Oregon,61,with,25400,61,with,41000
324619,Oregon,47,with,1200,46,with,24000
826320,Oregon,33,with,85010,38,with,27000
39302,Oregon,80,with,44900,75,with,10100
113864,Oregon,35,with,27200,34,with,35000
192856,Oregon,35,without,15000,31,with,0
400066,Oregon,37,with,100000,38,with,75000
264545,Oregon,39,with,25000,35,with,30000
328449,Oregon,63,without,43300,63,without,2100
451274,Oregon,31,with,60000,35,with,30000
1130333,Oregon,42,with,52000,40,with,55000
1300757,Oregon,87,with,59000,87,with,14300
638731,Oregon,62,with,10400,71,with,16500
449223,Oregon,28,with,65000,30,with,50000
689214,Oregon,56,with,55000,60,with,0
84431,Oregon,74,with,69350,71,with,7200
566796,Oregon,68,with,47000,67,with,9600
69440,Oregon,68,with,86180,68,with,11290
785809,Oregon,56,with,406000,60,with,0
32963,Oregon,67,with,540000,64,with,0
902575,Oregon,74,with,39200,73,with,12100
822339,Oregon,53,with,12400,57,with,28000
960206,Oregon,58,with,7000,54,with,9000
1320151,Oregon,78,with,14100,79,with,7800
1301855,Oregon,70,with,59000,67,with,217200
697238,Oregon,44,with,6000,35,with,83000
29279,Oregon,64,with,5610,64,with,12000
1053026,Oregon,58,with,55000,60,with,12000
702359,Oregon,36,with,50000,35,with,0
1212902,Oregon,53,with,1100,53,with,6000
1494576,Oregon,46,with,33600,29,with,10200
776046,Oregon,43,with,11600,46,with,24000
1281793,Oregon,59,with,63000,56,with,63000
147661,Oregon,58,with,38500,57,with,26000
1025324,Oregon,36,with,2000,36,with,75000
944291,Oregon,52,with,200000,48,with,0
1240470,Oregon,36,with,50000,37,with,100000
1192921,Oregon,29,with,18000,28,with,8000
1343361,Oregon,60,with,85000,59,with,22900
1131337,Oregon,76,with,22500,72,with,7800
1320537,Oregon,55,with,80000,54,with,0
1085533,Oregon,49,with,40000,44,with,33600
96926,Oregon,50,with,47500,51,with,46500
1172083,Oregon,44,with,406000,44,with,3800
76524,Oregon,46,with,104000,47,with,55000
748508,Oregon,47,with,55000,43,with,14000
805463,Oregon,51,with,200000,49,with,0
670369,Oregon,65,with,56600,60,with,7500
450753,Oregon,70,with,28400,67,with,14000
67716,Oregon,26,with,36000,26,with,22000
1173173,Oregon,41,with,26120,45,with,0
573596,Oregon,32,with,41000,33,with,25900
463016,Oregon,52,with,80030,48,with,34000
363352,Oregon,38,with,30000,36,with,30000
496656,Oregon,48,with,205000,53,with,57000
331495,Oregon,52,with,51000,55,with,19000
1337579,Oregon,48,with,55000,31,with,-499
995465,Oregon,56,with,125000,51,with,39000
1316838,Oregon,28,without,28000,39,without,14000
1063599,Oregon,46,with,406000,39,with,406000
117210,Oregon,59,with,50000,50,with,60000
75905,Oregon,64,with,50000,60,with,24000
141237,Oregon,46,with,64000,30,with,32000
757323,Oregon,51,with,50000,50,with,22000
207843,Oregon,72,with,33400,69,with,17000
1153440,Oregon,34,with,20000,31,with,43000
1200561,Oregon,24,with,20000,23,with,19200
196983,Oregon,58,with,92000,60,with,0
139505,Oregon,62,with,80000,64,with,0
882533,Oregon,54,with,32800,53,with,32000
1458214,Oregon,40,with,4700,32,with,410800
1325142,Oregon,62,with,49400,53,with,11900
144855,Oregon,37,with,93000,38,with,0
861040,Oregon,39,with,73000,49,with,48550
1158873,Oregon,65,with,92204,66,with,42800
