"year","region","abbreviation","totalballots","vap","vep"
"2022","alabama","AL","1424087","3970392","3812789"
"2022","alaska","AK","267047","557266","530443"
"2022","arizona","AZ","2592313","5802769","5253874"
"2022","arkansas","AR","914227","2353877","2198983"
"2022","california","CA","11146610","30534379","25988192"
"2022","colorado","CO","2540666","4639408","4353940"
"2022","connecticut","CT","1297811","2897642","2668414"
"2022","delaware","DE","325632","814324","760519"
"2022","district of columbia","DC","205774","548172","506237"
"2022","florida","FL","7796916","18066773","16166496"
"2022","georgia","GA","3964926","8442784","7641451"
"2022","hawaii","HI","423443","1141954","1044103"
"2022","idaho","ID","595350","1486327","1393993"
"2022","illinois","IL","4144125","9845624","9035299"
"2022","indiana","IN","1880755","5270771","5054930"
"2022","iowa","IA","1230417","2478135","2368289"
"2022","kansas","KS","1008998","2247751","2117923"
"2022","kentucky","KY","1502550","3510590","3350643"
"2022","louisiana","LA","1410466","3520645","3351583"
"2022","maine","ME","680909","1140612","1118712"
"2022","maryland","MD","2031635","4817349","4413671"
"2022","massachusetts","MA","2511461","5646479","5136820"
"2022","michigan","MI","4500400","7930205","7637642"
"2022","minnesota","MN","2526646","4427863","4175998"
"2022","mississippi","MS","709100","2260910","2181152"
"2022","missouri","MO","2304250","4817369","4637177"
"2022","montana","MT","468326","894266","878283"
"2022","nebraska","NE","682716","1493472","1408551"
"2022","nevada","NV","1023617","2498810","2229978"
"2022","new hampshire","NH","626931","1145440","1113501"
"2022","new jersey","NJ","2645539","7269562","6442021"
"2022","new mexico","NM","714754","1655367","1540379"
"2022","new york","NY","5962278","15654547","14006423"
"2022","north carolina","NC","3790202","8444034","7962183"
"2022","north dakota","ND","242566","597057","579792"
"2022","ohio","OH","4201368","9196623","8918421"
"2022","oklahoma","OK","1153284","3075212","2908317"
"2022","oregon","OR","1997689","3402435","3201528"
"2022","pennsylvania","PA","5410022","10342240","9929947"
"2022","rhode island","RI","361449","889585","827311"
"2022","south carolina","SC","1718626","4190429","4013931"
"2022","south dakota","SD","354670","694652","667172"
"2022","tennessee","TN","1756397","5537627","5268526"
"2022","texas","TX","8151590","22711852","19468941"
"2022","utah","UT","1084634","2464872","2314196"
"2022","vermont","VT","291955","532708","522214"
"2022","virginia","VA","3021956","6827106","6339807"
"2022","washington","WA","3067686","6158975","5537589"
"2022","west virginia","WV","494753","1420780","1393972"
"2022","wisconsin","WI","2673154","4655469","4443971"
"2022","wyoming","WY","198198","452309","434223"
"2020","alabama","AL","2325000","3939759","3782861"
"2020","alaska","AK","361400","556443","529649"
"2020","arizona","AZ","3420585","5672442","5133804"
"2020","arkansas","AR","1223675","2332442","2178328"
"2020","california","CA","17785151","30490123","25840035"
"2020","colorado","CO","3295666","4579181","4297225"
"2020","connecticut","CT","1861086","2887773","2655214"
"2020","delaware","DE","509241","798104","745131"
"2020","district of columbia","DC","346491","544795","503118"
"2020","florida","FL","11144855","17593558","15742624"
"2020","georgia","GA","5023159","8282660","7490838"
"2020","hawaii","HI","579784","1145618","1047466"
"2020","idaho","ID","878527","1443536","1352914"
"2020","illinois","IL","6050000","9910732","9095238"
"2020","indiana","IN","3068542","5240144","5025421"
"2020","iowa","IA","1700130","2469708","2360125"
"2020","kansas","KS","1375125","2242018","2112458"
"2020","kentucky","KY","2150954","3499169","3339511"
"2020","louisiana","LA","2169401","3552258","3382286"
"2020","maine","ME","828305","1127932","1106276"
"2020","maryland","MD","3066945","4820237","4416326"
"2020","massachusetts","MA","3658005","5638722","5129755"
"2020","michigan","MI","5579317","7907056","7615249"
"2020","minnesota","MN","3292997","4408498","4157411"
"2020","mississippi","MS","1325000","2265253","2185433"
"2020","missouri","MO","3026028","4800088","4620290"
"2020","montana*","MT","612075","873659","857955"
"2020","nebraska","NE","966920","1484568","1400069"
"2020","nevada","NV","1407754","2455546","2191188"
"2020","new hampshire","NH","814499","1132908","1101294"
"2020","new jersey","NJ","4635585","7261675","6435019"
"2020","new mexico","NM","928230","1649222","1534600"
"2020","new york","NY","8690139","15787812","14081957"
"2020","north carolina","NC","5545848","8284274","7811002"
"2020","north dakota","ND","364251","594772","577567"
"2020","ohio","OH","5974121","9184163","8906277"
"2020","oklahoma","OK","1565000","3040979","2875494"
"2020","oregon","OR","2413890","3405290","3204224"
"2020","pennsylvania*","PA","6958551","10363451","9950392"
"2020","rhode island","RI","522488","890532","828194"
"2020","south carolina","SC","2533010","4087762","3914642"
"2020","south dakota","SD","427529","678680","651554"
"2020","tennessee","TN","3065000","5439926","5174225"
"2020","texas","TX","11350000","22157381","18982171"
"2020","utah","UT","1515845","2402151","2255175"
"2020","vermont","VT","370968","531104","520641"
"2020","virginia","VA","4523142","6785517","6300717"
"2020","washington","WA","4116894","6079926","5465496"
"2020","west virginia","WV","802726","1430595","1403699"
"2020","wisconsin","WI","3310000","4621234","4410780"
"2020","wyoming","WY","278503","448142","430161"
"2018","alabama","AL","1721906","3850473","3696671"
"2018","alaska","AK","285009","584025","556701"
"2018","arizona","AZ","2409910","5686311","5148891"
"2018","arkansas","AR","898793","2347187","2198603"
"2018","california","CA","12712542","31553154","26851129"
"2018","colorado","CO","2583580","4563101","4267400"
"2018","connecticut","CT","1421953","2889222","2652164"
"2018","delaware","DE","365467","779323","725029"
"2018","district of columbia","DC","231482","590985","545775"
"2018","florida","FL","8318824","17384146","15544011"
"2018","georgia","GA","3949905","8172349","7377964"
"2018","hawaii","HI","398657","1410729","1289901"
"2018","idaho","ID","612536","1343434","1256448"
"2018","illinois","IL","4635541","10012931","9179441"
"2018","indiana","IN","2308258","5213162","4996552"
"2018","iowa","IA","1334279","2452647","2343645"
"2018","kansas","KS","1060000","2256910","2126813"
"2018","kentucky","KY","1612353","3503878","3349298"
"2018","louisiana","LA","1519405","3607016","3421568"
"2018","maine","ME","646013","1105700","1084471"
"2018","maryland","MD","2335128","4805481","4399498"
"2018","massachusetts","MA","2752665","5634893","5124489"
"2018","michigan","MI","4341340","7974982","7675982"
"2018","minnesota","MN","2611365","4390868","4140214"
"2018","mississippi","MS","961025","2296720","2219884"
"2018","missouri","MO","2442306","4833311","4648703"
"2018","montana","MT","509213","853175","837903"
"2018","nebraska","NE","706652","1475018","1390388"
"2018","nevada","NV","975980","2440895","2162036"
"2018","new hampshire","NH","580568","1113147","1081571"
"2018","new jersey","NJ","3248642","7061504","6161270"
"2018","new mexico","NM","701654","1649040","1534009"
"2018","new york","NY","6230959","15781905","14065548"
"2018","north carolina","NC","3755778","8250784","7714163"
"2018","north dakota","ND","330598","589705","572340"
"2018","ohio","OH","4496834","9242288","8957602"
"2018","oklahoma","OK","1190000","3139581","2957188"
"2018","oregon","OR","1914923","3435202","3231440"
"2018","pennsylvania","PA","5043029","10308998","9892681"
"2018","rhode island","RI","381267","872055","810424"
"2018","south carolina","SC","1726527","4050712","3875625"
"2018","south dakota","SD","341048","674801","652752"
"2018","tennessee","TN","2267428","5355697","5097443"
"2018","texas","TX","8375000","21707688","18583176"
"2018","utah","UT","1082972","2286384","2145200"
"2018","vermont","VT","278230","517261","507071"
"2018","virginia","VA","3363505","6803102","6320649"
"2018","washington","WA","3133448","6121085","5507718"
"2018","west virginia","WV","597149","1455147","1427249"
"2018","wisconsin","WI","2675000","4600750","4391359"
"2018","wyoming","WY","205275","451168","433354"
"2016","alabama","AL","2134061","3770952","3609696"
"2016","alaska","AK","321271","554526","521888"
"2016","arizona","AZ","2661497","5347427","4755584"
"2016","arkansas","AR","1137772","2287921","2142344"
"2016","california","CA","14610509","30130155","25058420"
"2016","colorado","CO","2859216","4301685","3971805"
"2016","connecticut","CT","1675955","2827488","2589090"
"2016","delaware","DE","445228","748217","690153"
"2016","district of columbia","DC","312575","565352","517863"
"2016","florida","FL","9580489","16533216","14577798"
"2016","georgia","GA","4165405","7831741","6960129"
"2016","hawaii","HI","437664","1120762","1013299"
"2016","idaho","ID","710545","1256143","1169396"
"2016","illinois","IL","5666118","9887574","9005114"
"2016","indiana","IN","2807676","5072700","4860062"
"2016","iowa","IA","1581371","2404019","2285860"
"2016","kansas","KS","1225667","2196904","2058729"
"2016","kentucky","KY","1955195","3430752","3282543"
"2016","louisiana","LA","2049531","3563801","3378229"
"2016","maine","ME","771892","1079197","1059772"
"2016","maryland","MD","2807322","4663738","4182300"
"2016","massachusetts","MA","3378801","5453921","4959742"
"2016","michigan","MI","4874619","7765389","7437567"
"2016","minnesota","MN","2968281","4242668","3975066"
"2016","mississippi","MS","1209357","2268353","2192233"
"2016","missouri","MO","2811549","4709176","4516733"
"2016","montana","MT","516901","816023","802436"
"2016","nebraska","NE","860573","1435123","1342336"
"2016","nevada","NV","1125429","2260341","1948712"
"2016","new hampshire","NH","755850","1082981","1048757"
"2016","new jersey","NJ","3957303","6903418","5961240"
"2016","new mexico","NM","804043","1600627","1473243"
"2016","new york","NY","7786881","15473628","13525950"
"2016","north carolina","NC","4769640","7898733","7370213"
"2016","north dakota","ND","349945","579842","565295"
"2016","ohio","OH","5607641","9028098","8759758"
"2016","oklahoma","OK","1465505","2972077","2784673"
"2016","oregon","OR","2056310","3233909","3015007"
"2016","pennsylvania","PA","6223150","10114662","9692322"
"2016","rhode island","RI","469589","848850","785544"
"2016","south carolina","SC","2123584","3881185","3705927"
"2016","south dakota","SD","378995","651179","628468"
"2016","tennessee","TN","2545271","5162937","4906550"
"2016","texas","TX","8975000","20718271","17482785"
"2016","utah","UT","1152369","2139328","1985869"
"2016","vermont","VT","320467","505888","494758"
"2016","virginia","VA","3996302","6556247","6030589"
"2016","washington","WA","3363440","5693791","5123557"
"2016","west virginia","WV","732362","1454560","1424155"
"2016","wisconsin","WI","2993000","4493054","4280628"
"2016","wyoming","WY","258788","446228","429694"
"2014","alabama","AL","1191274","3740624","3573542"
"2014","alaska","AK","285431","550095","517252"
"2014","arizona","AZ","1537671","5138141","4553713"
"2014","arkansas","AR","852642","2264098","2122776"
"2014","california","CA","7513972","29575685","24413353"
"2014","colorado","CO","2080071","4132930","3814437"
"2014","connecticut","CT","1096556","2822985","2572824"
"2014","delaware","DE","238110","731850","674793"
"2014","district of columbia","DC","177176","549851","499265"
"2014","florida","FL","6026802","15897657","14001044"
"2014","georgia","GA","2596947","7613021","6732653"
"2014","hawaii","HI","369554","1109048","1004622"
"2014","idaho","ID","445307","1205909","1119588"
"2014","illinois","IL","3680417","9893765","8986543"
"2014","indiana","IN","1387622","5017809","4803512"
"2014","iowa","IA","1142284","2384136","2269477"
"2014","kansas","KS","887023","2181529","2043387"
"2014","kentucky","KY","1459409","3404267","3250729"
"2014","louisiana","LA","1503975","3536724","3347248"
"2014","maine","ME","616996","1071220","1053009"
"2014","maryland","MD","1745104","4620229","4141802"
"2014","massachusetts","MA","2186789","5382729","4904417"
"2014","michigan","MI","3188956","7707406","7387039"
"2014","minnesota","MN","1992613","4177839","3918501"
"2014","mississippi","MS","631858","2260078","2173754"
"2014","missouri","MO","1509025","4669356","4476205"
"2014","montana","MT","373831","798918","786449"
"2014","nebraska","NE","552115","1414871","1329179"
"2014","nevada","NV","552546","2171523","1874884"
"2014","new hampshire","NH","495565","1067564","1031603"
"2014","new jersey","NJ","1955042","6872067","5954244"
"2014","new mexico","NM","519436","1587274","1451687"
"2014","new york","NY","3930310","15453917","13490728"
"2014","north carolina","NC","2939767","7681181","7131326"
"2014","north dakota","ND","255128","572498","558203"
"2014","ohio","OH","3149876","8968923","8702645"
"2014","oklahoma","OK","825607","2931636","2750573"
"2014","oregon","OR","1541782","3119674","2895581"
"2014","pennsylvania","PA","3535576","10088426","9685688"
"2014","rhode island","RI","329212","844183","779264"
"2014","south carolina","SC","1261611","3760446","3586795"
"2014","south dakota","SD","282291","640486","620256"
"2014","tennessee","TN","1430117","5061487","4807090"
"2014","texas","TX","4727208","19958796","16818166"
"2014","utah","UT","577973","2045779","1899842"
"2014","vermont","VT","202445","504200","493107"
"2014","virginia","VA","2194346","6462450","5947085"
"2014","washington","WA","2124330","5485062","4944389"
"2014","west virginia","WV","462864","1467174","1440331"
"2014","wisconsin","WI","2422248","4454913","4248825"
"2014","wyoming","WY","171153","444797","426832"
"2012","alabama","AL","2083309","3705982","3538042"
"2012","alaska","AK","301694","544269","512270"
"2012","arizona","AZ","2323579","4963741","4391282"
"2012","arkansas","AR","1078548","2244163","2111810"
"2012","california","CA","13202158","28871296","23638949"
"2012","colorado","CO","2596173","3980623","3675695"
"2012","connecticut","CT","1560640","2804156","2546075"
"2012","delaware","DE","417631","714081","662162"
"2012","district of columbia","DC","294254","531080","479566"
"2012","florida","FL","8538264","15367936","13484046"
"2012","georgia","GA","3919355","7441387","6593817"
"2012","hawaii","HI","437159","1091451","985494"
"2012","idaho","ID","666290","1172481","1089963"
"2012","illinois","IL","5279752","9838883","8913874"
"2012","indiana","IN","2663368","4959521","4752712"
"2012","iowa","IA","1589951","2356497","2251922"
"2012","kansas","KS","1182771","2162245","2030640"
"2012","kentucky","KY","1815843","3374444","3235034"
"2012","louisiana","LA","2014548","3495424","3310167"
"2012","maine","ME","724758","1063754","1044606"
"2012","maryland","MD","2734062","4552894","4062401"
"2012","massachusetts","MA","3184196","5278131","4824485"
"2012","michigan","MI","4780701","7637478","7327148"
"2012","minnesota","MN","2950780","4111021","3857424"
"2012","mississippi","MS","1285584","2245738","2166636"
"2012","missouri","MO","2840776","4627371","4430901"
"2012","montana","MT","491966","783676","773031"
"2012","nebraska","NE","804245","1394124","1315193"
"2012","nevada","NV","1016664","2099011","1795581"
"2012","new hampshire","NH","718700","1050220","1016041"
"2012","new jersey","NJ","3683638","6826144","5902545"
"2012","new mexico","NM","786522","1576959","1438878"
"2012","new york","NY","7128852","15334363","13321457"
"2012","north carolina","NC","4542488","7500448","6952078"
"2012","north dakota","ND","325564","548770","537941"
"2012","ohio","OH","5632423","8894484","8648493"
"2012","oklahoma","OK","1343380","2886686","2715732"
"2012","oregon","OR","1820507","3046864","2832164"
"2012","pennsylvania","PA","5783621","10037436","9656146"
"2012","rhode island","RI","451593","838169","772057"
"2012","south carolina","SC","1981516","3656261","3481760"
"2012","south dakota","SD","368270","630180","611872"
"2012","tennessee","TN","2479733","4975501","4735888"
"2012","texas","TX","7993851","19204782","16127383"
"2012","utah","UT","1028786","1976573","1831602"
"2012","vermont","VT","301793","501853","492820"
"2012","virginia","VA","3888186","6345002","5828032"
"2012","washington","WA","3172939","5329262","4820193"
"2012","west virginia","WV","685099","1472182","1446756"
"2012","wisconsin","WI","3084115","4411462","4203731"
"2012","wyoming","WY","250701","441429","424733"
"2010","alabama","AL","1503232","3661750","3487654"
"2010","alaska","AK","261128","528459","493475"
"2010","arizona","AZ","1750840","4806125","4225272"
"2010","arkansas","AR","789773","2216571","2082028"
"2010","california","CA","10529134","28157259","22823850"
"2010","colorado","CO","1828323","3842941","3521135"
"2010","connecticut","CT","1153872","2771060","2512285"
"2010","delaware","DE","316754","696911","646761"
"2010","district of columbia","DC","135846","507942","460938"
"2010","florida","FL","5473787","14916715","12966802"
"2010","georgia","GA","2623035","7253576","6394095"
"2010","hawaii","HI","386302","1064539","960761"
"2010","idaho","ID","459079","1146045","1057993"
"2010","illinois","IL","3792770","9736527","8780431"
"2010","indiana","IN","1791832","4895546","4700148"
"2010","iowa","IA","1133429","2328364","2227920"
"2010","kansas","KS","857658","2134690","1999897"
"2010","kentucky","KY","1417995","3332440","3186792"
"2010","louisiana","LA","1298649","3437623","3251832"
"2010","maine","ME","580584","1055878","1038785"
"2010","maryland","MD","1868179","4453952","3976848"
"2010","massachusetts","MA","2319963","5167053","4684240"
"2010","michigan","MI","3268217","7555775","7249664"
"2010","minnesota","MN","2123369","4040120","3787530"
"2010","mississippi","MS","788549","2221684","2143946"
"2010","missouri","MO","1997271","4580080","4383789"
"2010","montana","MT","367096","769610","758424"
"2010","nebraska","NE","503514","1373145","1302279"
"2010","nevada","NV","723515","2044399","1753166"
"2010","new hampshire","NH","461423","1033552","1001435"
"2010","new jersey","NJ","2200974","6752083","5813989"
"2010","new mexico","NM","630013","1551751","1411888"
"2010","new york","NY","4763899","15121092","13105474"
"2010","north carolina","NC","2700706","7320628","6777828"
"2010","north dakota","ND","241039","527031","516826"
"2010","ohio","OH","3956028","8827567","8566897"
"2010","oklahoma","OK","1043507","2836265","2673056"
"2010","oregon","OR","1487210","2983427","2760025"
"2010","pennsylvania","PA","4055336","9943828","9562603"
"2010","rhode island","RI","346357","831351","763719"
"2010","south carolina","SC","1365480","3569456","3385527"
"2010","south dakota","SD","323410","615153","598304"
"2010","tennessee","TN","1620542","4876354","4636768"
"2010","texas","TX","5066957","18480135","15461769"
"2010","utah","UT","653274","1911676","1774967"
"2010","vermont","VT","243617","498078","488761"
"2010","virginia","VA","2214505","6193893","5676934"
"2010","washington","WA","2565589","5186815","4687044"
"2010","west virginia","WV","536493","1468244","1444109"
"2010","wisconsin","WI","2185021","4361980","4161265"
"2010","wyoming","WY","190822","429977","416931"
"2008","alabama","AL","2105622","3595708","3455447"
"2008","alaska","AK","327341","507645","479628"
"2008","arizona","AZ","2320851","4673718","4047095"
"2008","arkansas","AR","1095958","2174846","2071520"
"2008","california","CA","13743177","27411094","22270461"
"2008","colorado","CO","2422236","3708955","3383138"
"2008","connecticut","CT","","2725917","2472389"
"2008","delaware","DE","413562","680493","628468"
"2008","district of columbia","DC","266871","481971","432328"
"2008","florida","FL","8453743","14558436","12683359"
"2008","georgia","GA","3940705","7063638","6285008"
"2008","hawaii","HI","456064","1036088","929632"
"2008","idaho","ID","667506","1117842","1029341"
"2008","illinois","IL","5578195","9615700","8685582"
"2008","indiana","IN","2805986","4826231","4653122"
"2008","iowa","IA","1543662","2298515","2216929"
"2008","kansas","KS","1264208","2100084","1992730"
"2008","kentucky","KY","1858578","3277617","3152147"
"2008","louisiana","LA","1979852","3342279","3204721"
"2008","maine","ME","744456","1049816","1036168"
"2008","maryland","MD","2661905","4342850","3925994"
"2008","massachusetts","MA","3102995","5058035","4611636"
"2008","michigan","MI","5039080","7528460","7231283"
"2008","minnesota","MN","2921147","3975974","3740671"
"2008","mississippi","MS","","2190402","2113435"
"2008","missouri","MO","2950504","4507688","4325788"
"2008","montana","MT","497599","755384","742019"
"2008","nebraska","NE","811923","1348048","1275336"
"2008","nevada","NV","970019","2000277","1696872"
"2008","new hampshire","NH","719643","1021787","992519"
"2008","new jersey","NJ","3910220","6651284","5774838"
"2008","new mexico","NM","833365","1505830","1362140"
"2008","new york","NY","7721718","14876971","12945767"
"2008","north carolina","NC","4354571","7096503","6581783"
"2008","north dakota","ND","321133","512768","504650"
"2008","ohio","OH","5773777","8757453","8513103"
"2008","oklahoma","OK","1474694","2770219","2618039"
"2008","oregon","OR","1845251","2916246","2700858"
"2008","pennsylvania","PA","6071357","9813664","9460225"
"2008","rhode island","RI","475428","825786","763936"
"2008","south carolina","SC","1927153","3473488","3309462"
"2008","south dakota","SD","387449","602539","590607"
"2008","tennessee","TN","2618238","4771926","4562424"
"2008","texas","TX","","17756112","14921530"
"2008","utah","UT","971185","1840087","1701049"
"2008","vermont","VT","326822","492610","482758"
"2008","virginia","VA","3753059","6022123","5557344"
"2008","washington","WA","3071587","5032960","4560012"
"2008","west virginia","WV","731691","1453045","1430218"
"2008","wisconsin","WI","2997086","4306876","4120029"
"2008","wyoming","WY","256035","418040","405766"
"2006","alabama","AL","","3513952","3369212"
"2006","alaska","AK","238307","492452","461202"
"2006","arizona","AZ","1553032","4490327","3845808"
"2006","arkansas","AR","780409","2130080","2013638"
"2006","california","CA","8899059","26739781","21398706"
"2006","colorado","CO","1586105","3569901","3253632"
"2006","connecticut","CT","1162391","2683538","2448401"
"2006","delaware","DE","258053","659410","608176"
"2006","district of columbia","DC","122356","466827","421545"
"2006","florida","FL","4884544","14211669","12300449"
"2006","georgia","GA","2143845","6799654","6009442"
"2006","hawaii","HI","348988","1012975","924957"
"2006","idaho","ID","458927","1072895","991777"
"2006","illinois","IL","3586292","9483856","8566235"
"2006","indiana","IN","1719351","4743856","4570705"
"2006","iowa","IA","1071509","2267991","2180741"
"2006","kansas","KS","864083","2062668","1944482"
"2006","kentucky","KY","1370062","3218000","3106115"
"2006","louisiana","LA","954896","3239317","3094418"
"2006","maine","ME","","1037200","1019568"
"2006","maryland","MD","1809237","4261205","3849505"
"2006","massachusetts","MA","2243835","4970780","4527290"
"2006","michigan","MI","3852008","7532918","7210156"
"2006","minnesota","MN","2217552","3896561","3656145"
"2006","mississippi","MS","","2154112","2091017"
"2006","missouri","MO","2178278","4427266","4253843"
"2006","montana","MT","411061","734669","723750"
"2006","nebraska","NE","610499","1325932","1254482"
"2006","nevada","NV","586274","1907976","1610204"
"2006","new hampshire","NH","418550","1006234","969217"
"2006","new jersey","NJ","2315643","6565183","5669798"
"2006","new mexico","NM","568597","1464560","1329678"
"2006","new york","NY","4703830","14665626","12730240"
"2006","north carolina","NC","2036451","6799585","6309438"
"2006","north dakota","ND","220479","503647","494729"
"2006","ohio","OH","4184072","8687609","8447316"
"2006","oklahoma","OK","","2709819","2559856"
"2006","oregon","OR","1399650","2829482","2609223"
"2006","pennsylvania","PA","","9680466","9345655"
"2006","rhode island","RI","392882","824887","754075"
"2006","south carolina","SC","1117311","3332190","3179695"
"2006","south dakota","SD","341105","589178","575127"
"2006","tennessee","TN","1868363","4641909","4437356"
"2006","texas","TX","","17029802","14257793"
"2006","utah","UT","582561","1752158","1621325"
"2006","vermont","VT","263025","487141","477398"
"2006","virginia","VA","2398589","5867219","5408856"
"2006","washington","WA","2085074","4861001","4388954"
"2006","west virginia","WV","473014","1439052","1417996"
"2006","wisconsin","WI","2183155","4240696","4050475"
"2006","wyoming","WY","196217","400187","386847"
"2004","alabama","AL","1890317","3427542","3309755"
"2004","alaska","AK","314502","476378","449083"
"2004","arizona","AZ","2038069","4215706","3658926"
"2004","arkansas","AR","1070573","2072986","1972057"
"2004","california","CA","12589367","26246548","21035883"
"2004","colorado","CO","2148036","3443164","3157788"
"2004","connecticut","CT","1607808","2652587","2436378"
"2004","delaware","DE","377407","635370","588633"
"2004","district of columbia","DC","230105","458758","412882"
"2004","florida","FL","7640319","13643828","11885513"
"2004","georgia","GA","3317336","6499325","5775727"
"2004","hawaii","HI","431662","982882","899288"
"2004","idaho","ID","612786","1016255","943617"
"2004","illinois","IL","5350493","9391420","8501813"
"2004","indiana","IN","2512142","4660157","4510573"
"2004","iowa","IA","1521966","2239979","2158396"
"2004","kansas","KS","1213108","2032763","1924522"
"2004","kentucky","KY","1816867","3157464","3061375"
"2004","louisiana","LA","1956590","3379937","3238731"
"2004","maine","ME","751519","1022043","1005690"
"2004","maryland","MD","2395791","4179376","3802045"
"2004","massachusetts","MA","2927455","4935787","4510816"
"2004","michigan","MI","4875692","7508568","7204686"
"2004","minnesota","MN","2842912","3819020","3600480"
"2004","mississippi","MS","","2133681","2075007"
"2004","missouri","MO","2764635","4339414","4181874"
"2004","montana","MT","456096","711858","700939"
"2004","nebraska","NE","792906","1305430","1239369"
"2004","nevada","NV","831563","1776962","1521561"
"2004","new hampshire","NH","683672","984422","950479"
"2004","new jersey","NJ","3638153","6513394","5637382"
"2004","new mexico","NM","775301","1411419","1289094"
"2004","new york","NY","7448266","14598898","12640317"
"2004","north carolina","NC","3552449","6505150","6066809"
"2004","north dakota","ND","316049","496479","488759"
"2004","ohio","OH","5722443","8624277","8407021"
"2004","oklahoma","OK","","2649994","2516580"
"2004","oregon","OR","1851671","2736472","2537173"
"2004","pennsylvania","PA","","9554349","9255690"
"2004","rhode island","RI","440228","827513","747510"
"2004","south carolina","SC","1626720","3198733","3066549"
"2004","south dakota","SD","394930","576472","565300"
"2004","tennessee","TN","2456610","4496929","4322069"
"2004","texas","TX","","16284659","13763508"
"2004","utah","UT","942010","1664066","1545108"
"2004","vermont","VT","314220","480053","469972"
"2004","virginia","VA","3223156","5699175","5284227"
"2004","washington","WA","2883499","4683829","4257936"
"2004","west virginia","WV","769645","1425689","1407450"
"2004","wisconsin","WI","3016288","4172068","3995149"
"2004","wyoming","WY","245789","386796","375525"
"2002","alabama","AL","","3371451","3257159"
"2002","alaska","AK","232852","457154","431836"
"2002","arizona","AZ","1255615","3998148","3485783"
"2002","arkansas","AR","814176","2031787","1940766"
"2002","california","CA","7738821","25622609","20529013"
"2002","colorado","CO","1424029","3362098","3094727"
"2002","connecticut","CT","1090756","2617814","2409238"
"2002","delaware","DE","","612919","568420"
"2002","district of columbia","DC","","458631","412768"
"2002","florida","FL","5143674","13005435","11356610"
"2002","georgia","GA","","6287215","5627045"
"2002","hawaii","HI","385462","950520","868843"
"2002","idaho","ID","416533","970916","908612"
"2002","illinois","IL","3651808","9302571","8431456"
"2002","indiana","IN","1562037","4587747","4445890"
"2002","iowa","IA","1040201","2214936","2138396"
"2002","kansas","KS","851966","2007407","1904495"
"2002","kentucky","KY","","3100972","3013670"
"2002","louisiana","LA","1267225","3312330","3178751"
"2002","maine","ME","","1001796","985767"
"2002","maryland","MD","1721626","4082694","3722540"
"2002","massachusetts","MA","2220301","4919958","4506010"
"2002","michigan","MI","3219864","7445335","7142670"
"2002","minnesota","MN","","3745577","3530710"
"2002","mississippi","MS","","2099698","2045926"
"2002","missouri","MO","","4262146","4109691"
"2002","montana","MT","340272","690652","680305"
"2002","nebraska","NE","","1285024","1223282"
"2002","nevada","NV","512433","1640679","1411670"
"2002","new hampshire","NH","453078","960401","929106"
"2002","new jersey","NJ","2161105","6448445","5598940"
"2002","new mexico","NM","502230","1360130","1248642"
"2002","new york","NY","4690968","14504792","12555284"
"2002","north carolina","NC","","6314679","5906356"
"2002","north dakota","ND","237224","486797","479787"
"2002","ohio","OH","3356285","8556557","8348151"
"2002","oklahoma","OK","","2610016","2482367"
"2002","oregon","OR","1293756","2674581","2482962"
"2002","pennsylvania","PA","","9454338","9167980"
"2002","rhode island","RI","337027","819310","741771"
"2002","south carolina","SC","","3100548","2971409"
"2002","south dakota","SD","340407","564305","553910"
"2002","tennessee","TN","","4393757","4229199"
"2002","texas","TX","4552059","15718593","13332110"
"2002","utah","UT","568290","1601707","1492002"
"2002","vermont","VT","232993","472402","462482"
"2002","virginia","VA","1661915","5536511","5144877"
"2002","washington","WA","1808720","4553733","4119129"
"2002","west virginia","WV","440156","1413580","1396182"
"2002","wisconsin","WI","","4094028","3926822"
"2002","wyoming","WY","188028","376121","365426"
"2000","alabama","AL","","3334576","3232759"
"2000","alaska","AK","287825","440296","418238"
"2000","arizona","AZ","1559520","3816498","3363510"
"2000","arkansas","AR","","2001774","1920954"
"2000","california","CA","11142843","24867252","19911561"
"2000","colorado","CO","","3246521","3006671"
"2000","connecticut","CT","1474103","2575243","2361236"
"2000","delaware","DE","","594256","553554"
"2000","district of columbia","DC","","458301","404098"
"2000","florida","FL","6138765","12475387","10952576"
"2000","georgia","GA","2684951","6087332","5501687"
"2000","hawaii","HI","371113","923737","843861"
"2000","idaho","ID","516647","935443","875400"
"2000","illinois","IL","4932192","9208908","8362452"
"2000","indiana","IN","2246348","4527523","4403265"
"2000","iowa","IA","","2199529","2125448"
"2000","kansas","KS","1092716","1983933","1894387"
"2000","kentucky","KY","1568058","3059582","2984345"
"2000","louisiana","LA","1776133","3260060","3131905"
"2000","maine","ME","","979314","964624"
"2000","maryland","MD","2036455","3972224","3640036"
"2000","massachusetts","MA","2736006","4870470","4480832"
"2000","michigan","MI","4279299","7370524","7079579"
"2000","minnesota","MN","2458303","3662005","3459248"
"2000","mississippi","MS","","2076861","2026696"
"2000","missouri","MO","","4190073","4048057"
"2000","montana","MT","417916","676065","666875"
"2000","nebraska","NE","707223","1266496","1208322"
"2000","nevada","NV","613360","1523209","1323256"
"2000","new hampshire","NH","578656","934176","906696"
"2000","new jersey","NJ","3293378","6356954","5550891"
"2000","new mexico","NM","615607","1318129","1221526"
"2000","new york","NY","6960215","14344348","12394560"
"2000","north carolina","NC","3015964","6143214","5772767"
"2000","north dakota","ND","292249","482078","475217"
"2000","ohio","OH","4795989","8487355","8288750"
"2000","oklahoma","OK","","2568304","2453332"
"2000","oregon","OR","1559215","2595354","2418671"
"2000","pennsylvania","PA","","9375146","9113295"
"2000","rhode island","RI","412074","804417","734834"
"2000","south carolina","SC","1433533","3025380","2910350"
"2000","south dakota","SD","322159","554875","545601"
"2000","tennessee","TN","2100241","4316391","4170830"
"2000","texas","TX","6407637","15138468","12913321"
"2000","utah","UT","784582","1534950","1435686"
"2000","vermont","VT","297146","463503","454233"
"2000","virginia","VA","2789808","5389008","5034930"
"2000","washington","WA","2517028","4419907","4022625"
"2000","west virginia","WV","","1405021","1388515"
"2000","wisconsin","WI","","4016401","3862851"
"2000","wyoming","WY","221685","366639","356887"
"1998","alabama","AL","","3293917","3203009"
"1998","alaska","AK","227156","429317","408867"
"1998","arizona","AZ","1037550","3628841","3233012"
"1998","arkansas","AR","","1951741","1882692"
"1998","california","CA","8617649","23980067","19273427"
"1998","colorado","CO","","3085075","2880455"
"1998","connecticut","CT","1022453","2544417","2340162"
"1998","delaware","DE","","576849","541091"
"1998","district of columbia","DC","137523","452668","398478"
"1998","florida","FL","4070262","12001902","10586018"
"1998","georgia","GA","1842145","5828114","5325973"
"1998","hawaii","HI","412520","910645","831959"
"1998","idaho","ID","386720","896422","844069"
"1998","illinois","IL","3541379","9070725","8283875"
"1998","indiana","IN","1618689","4457578","4349229"
"1998","iowa","IA","973032","2176940","2112412"
"1998","kansas","KS","743288","1955236","1872595"
"1998","kentucky","KY","1215053","2999287","2932004"
"1998","louisiana","LA","990243","3216121","3097162"
"1998","maine","ME","","957916","943547"
"1998","maryland","MD","1556994","3879108","3569236"
"1998","massachusetts","MA","1935277","4793966","4429625"
"1998","michigan","MI","3143432","7276123","7004684"
"1998","minnesota","MN","2105343","3555108","3378813"
"1998","mississippi","MS","","2038324","1996047"
"1998","missouri","MO","","4106478","3976332"
"1998","montana","MT","338733","662582","653885"
"1998","nebraska","NE","581775","1247656","1197662"
"1998","nevada","NV","440042","1402851","1232759"
"1998","new hampshire","NH","330555","903630","878870"
"1998","new jersey","NJ","1894496","6261197","5507266"
"1998","new mexico","NM","517355","1286104","1199553"
"1998","new york","NY","4989877","14139223","12256410"
"1998","north carolina","NC","","5948653","5626275"
"1998","north dakota","ND","217584","481790","475575"
"1998","ohio","OH","3534782","8424249","8241011"
"1998","oklahoma","OK","","2518285","2415839"
"1998","oregon","OR","1160400","2526500","2371036"
"1998","pennsylvania","PA","","9314795","9073493"
"1998","rhode island","RI","309835","790726","724136"
"1998","south carolina","SC","1092430","2931120","2826020"
"1998","south dakota","SD","266355","543074","534678"
"1998","tennessee","TN","1026017","4217608","4092668"
"1998","texas","TX","","14504988","12491285"
"1998","utah","UT","506553","1467078","1381936"
"1998","vermont","VT","224382","453574","444956"
"1998","virginia","VA","","5222121","4898307"
"1998","washington","WA","1939421","4294765","3929294"
"1998","west virginia","WV","405139","1403549","1388822"
"1998","wisconsin","WI","","3945060","3803258"
"1998","wyoming","WY","178401","359119","350159"
"1996","alabama","AL","","3227688","3143297"
"1996","alaska","AK","245212","423702","404209"
"1996","arizona","AZ","1431342","3414380","3080990"
"1996","arkansas","AR","","1903094","1845189"
"1996","california","CA","10263490","23076427","18653967"
"1996","colorado","CO","","2939929","2771276"
"1996","connecticut","CT","1410746","2528212","2337497"
"1996","delaware","DE","277418","559598","528845"
"1996","district of columbia","DC","189210","450182","398939"
"1996","florida","FL","5444245","11509122","10224190"
"1996","georgia","GA","2374650","5555577","5183118"
"1996","hawaii","HI","370230","895753","820082"
"1996","idaho","ID","508030","856420","825183"
"1996","illinois","IL","4418270","8927254","8218858"
"1996","indiana","IN","2195224","4397367","4301254"
"1996","iowa","IA","1251983","2154320","2099307"
"1996","kansas","KS","1073520","1922601","1857167"
"1996","kentucky","KY","1419592","2938362","2879726"
"1996","louisiana","LA","1804640","3163302","3089076"
"1996","maine","ME","","944106","929944"
"1996","maryland","MD","1793991","3817454","3530104"
"1996","massachusetts","MA","2600278","4723380","4383297"
"1996","michigan","MI","3912261","7201527","6957535"
"1996","minnesota","MN","2211161","3473117","3319761"
"1996","mississippi","MS","","1986327","1950063"
"1996","missouri","MO","","4035666","3918848"
"1996","montana","MT","417232","652991","644821"
"1996","nebraska","NE","686749","1230047","1188139"
"1996","nevada","NV","467657","1271617","1134278"
"1996","new hampshire","NH","513700","878569","855421"
"1996","new jersey","NJ","3105110","6152216","5456627"
"1996","new mexico","NM","579763","1249597","1172766"
"1996","new york","NY","6439129","13942462","12170405"
"1996","north carolina","NC","","5717844","5434908"
"1996","north dakota","ND","271850","481497","475960"
"1996","ohio","OH","4638108","8366250","8188251"
"1996","oklahoma","OK","1218248","2461718","2369301"
"1996","oregon","OR","1399180","2445442","2309618"
"1996","pennsylvania","PA","","9283893","9063678"
"1996","rhode island","RI","","781307","717236"
"1996","south carolina","SC","1203486","2825088","2730371"
"1996","south dakota","SD","329316","537038","529605"
"1996","tennessee","TN","","4094014","3985449"
"1996","texas","TX","","13887542","12066921"
"1996","utah","UT","691016","1394017","1327104"
"1996","vermont","VT","261469","443874","435884"
"1996","virginia","VA","2468229","5106297","4813918"
"1996","washington","WA","2293895","4147127","3830617"
"1996","west virginia","WV","653331","1400343","1386888"
"1996","wisconsin","WI","","3886906","3764309"
"1996","wyoming","WY","215844","353354","345181"
"1994","alabama","AL","","3170782","3096124"
"1994","alaska","AK","216668","417053","399387"
"1994","arizona","AZ","1153724","3169857","2890838"
"1994","arkansas","AR","","1849361","1801649"
"1994","california","CA","8900593","22721586","18489178"
"1994","colorado","CO","1173130","2785952","2647404"
"1994","connecticut","CT","1163829","2515100","2334517"
"1994","delaware","DE","201560","540474","513173"
"1994","district of columbia","DC","186316","463680","411927"
"1994","florida","FL","4305340","11016840","9813060"
"1994","georgia","GA","","5293282","4976154"
"1994","hawaii","HI","377011","882189","809163"
"1994","idaho","ID","419330","809957","784467"
"1994","illinois","IL","3219122","8819582","8174500"
"1994","indiana","IN","1609481","4315664","4235915"
"1994","iowa","IA","1022372","2128370","2077232"
"1994","kansas","KS","836251","1893521","1837918"
"1994","kentucky","KY","827541","2879413","2829464"
"1994","louisiana","LA","893758","3109456","3038751"
"1994","maine","ME","","932164","918182"
"1994","maryland","MD","1437450","3751305","3481974"
"1994","massachusetts","MA","2232186","4668100","4355337"
"1994","michigan","MI","3177740","7081498","6856748"
"1994","minnesota","MN","1794618","3385687","3253580"
"1994","mississippi","MS","621096","1935054","1904539"
"1994","missouri","MO","","3958762","3858660"
"1994","montana","MT","359455","629335","622536"
"1994","nebraska","NE","593654","1201826","1164987"
"1994","nevada","NV","386582","1143487","1032207"
"1994","new hampshire","NH","319443","851104","829508"
"1994","new jersey","NJ","2131328","6059401","5391030"
"1994","new mexico","NM","485709","1195183","1127797"
"1994","new york","NY","5325323","13861352","12188299"
"1994","north carolina","NC","","5477604","5246170"
"1994","north dakota","ND","240430","473993","469164"
"1994","ohio","OH","3540954","8292312","8133146"
"1994","oklahoma","OK","1002363","2410272","2328689"
"1994","oregon","OR","1254265","2344505","2229722"
"1994","pennsylvania","PA","","9241090","9046448"
"1994","rhode island","RI","","776723","716032"
"1994","south carolina","SC","951901","2747987","2664436"
"1994","south dakota","SD","318090","524910","519003"
"1994","tennessee","TN","","3945407","3848969"
"1994","texas","TX","","13334014","11722391"
"1994","utah","UT","532737","1302522","1249119"
"1994","vermont","VT","216715","434549","427162"
"1994","virginia","VA","","4983515","4720562"
"1994","washington","WA","1733471","3994036","3714729"
"1994","west virginia","WV","439551","1392499","1379231"
"1994","wisconsin","WI","","3801543","3693077"
"1994","wyoming","WY","204025","344492","337144"
"1992","alabama","AL","","3096959","3029105"
"1992","alaska","AK","261427","406653","389778"
"1992","arizona","AZ","1516276","2897181","2671475"
"1992","arkansas","AR","","1789420","1751557"
"1992","california","CA","11374565","22573381","18470965"
"1992","colorado","CO","1597166","2602217","2494304"
"1992","connecticut","CT","1645609","2521774","2356994"
"1992","delaware","DE","290836","523661","499514"
"1992","district of columbia","DC","231445","477564","427081"
"1992","florida","FL","5438612","10591116","9507130"
"1992","georgia","GA","","5037354","4766384"
"1992","hawaii","HI","382882","866114","794765"
"1992","idaho","ID","491725","756119","734960"
"1992","illinois","IL","5164357","8688184","8117877"
"1992","indiana","IN","2347912","4230602","4161659"
"1992","iowa","IA","1360856","2098809","2057899"
"1992","kansas","KS","1161044","1857444","1810552"
"1992","kentucky","KY","","2814763","2772822"
"1992","louisiana","LA","1799596","3063068","2996142"
"1992","maine","ME","","928998","915063"
"1992","maryland","MD","1999486","3695298","3439719"
"1992","massachusetts","MA","2822962","4640629","4348269"
"1992","michigan","MI","4341909","6990822","6783929"
"1992","minnesota","MN","2355796","3298080","3186628"
"1992","mississippi","MS","1008019","1882100","1855529"
"1992","missouri","MO","","3880005","3793113"
"1992","montana","MT","417564","599859","593512"
"1992","nebraska","NE","744548","1178965","1149198"
"1992","nevada","NV","513387","1028056","940474"
"1992","new hampshire","NH","545197","833997","813872"
"1992","new jersey","NJ","3348312","6000364","5401515"
"1992","new mexico","NM","590901","1131081","1073250"
"1992","new york","NY","7068630","13799670","12225165"
"1992","north carolina","NC","","5259564","5076318"
"1992","north dakota","ND","315199","467130","462449"
"1992","ohio","OH","5043094","8208502","8063413"
"1992","oklahoma","OK","1455635","2366029","2292910"
"1992","oregon","OR","1498959","2241507","2145264"
"1992","pennsylvania","PA","","9188416","9007239"
"1992","rhode island","RI","","779266","721459"
"1992","south carolina","SC","1234712","2683852","2609884"
"1992","south dakota","SD","","508841","503792"
"1992","tennessee","TN","","3811036","3726140"
"1992","texas","TX","","12747860","11353324"
"1992","utah","UT","784988","1203861","1162930"
"1992","vermont","VT","292797","426860","419603"
"1992","virginia","VA","","4856799","4623058"
"1992","washington","WA","2324907","3827227","3577619"
"1992","west virginia","WV","","1377282","1364890"
"1992","wisconsin","WI","","3712414","3619052"
"1992","wyoming","WY","203602","331170","324405"
"1990","alabama","AL","","3012797","2956229"
"1990","alaska","AK","197540","379863","364237"
"1990","arizona","AZ","1094735","2705468","2523896"
"1990","arkansas","AR","","1742746","1711262"
"1990","california","CA","7899131","22061053","18145803"
"1990","colorado","CO","1046139","2447513","2366468"
"1990","connecticut","CT","1159361","2538398","2384982"
"1990","delaware","DE","183977","507016","486517"
"1990","district of columbia","DC","171677","489808","441656"
"1990","florida","FL","","10137720","9144447"
"1990","georgia","GA","","4803269","4589923"
"1990","hawaii","HI","354144","838633","770687"
"1990","idaho","ID","328340","707535","690008"
"1990","illinois","IL","3420720","8535069","8029589"
"1990","indiana","IN","1566371","4135602","4081510"
"1990","iowa","IA","1004908","2065490","2031809"
"1990","kansas","KS","805251","1821368","1782808"
"1990","kentucky","KY","","2755670","2723189"
"1990","louisiana","LA","","3020682","2959793"
"1990","maine","ME","","924839","910966"
"1990","maryland","MD","1170867","3632477","3398527"
"1990","massachusetts","MA","2424579","4660342","4385382"
"1990","michigan","MI","2641649","6872954","6694355"
"1990","minnesota","MN","1843104","3225335","3135793"
"1990","mississippi","MS","","1850099","1824885"
"1990","missouri","MO","","3821136","3741446"
"1990","montana","MT","326652","579158","573100"
"1990","nebraska","NE","604195","1154859","1131794"
"1990","nevada","NV","325959","926572","858029"
"1990","new hampshire","NH","307700","832887","814887"
"1990","new jersey","NJ","1998894","5951541","5430530"
"1990","new mexico","NM","429509","1076522","1026980"
"1990","new york","NY","4290261","13742688","12270687"
"1990","north carolina","NC","","5073437","4940273"
"1990","north dakota","ND","240301","465851","461641"
"1990","ohio","OH","3620469","8103382","7974319"
"1990","oklahoma","OK","929639","2313340","2250913"
"1990","oregon","OR","1133125","2137314","2058153"
"1990","pennsylvania","PA","","9120122","8961030"
"1990","rhode island","RI","375188","780448","724786"
"1990","south carolina","SC","793614","2598170","2537780"
"1990","south dakota","SD","","499072","494737"
"1990","tennessee","TN","","3693970","3626343"
"1990","texas","TX","","12232761","11038055"
"1990","utah","UT","457983","1116922","1085648"
"1990","vermont","VT","217384","422130","415376"
"1990","virginia","VA","","4715129","4512806"
"1990","washington","WA","1362651","3634031","3421383"
"1990","west virginia","WV","","1358773","1348243"
"1990","wisconsin","WI","","3617625","3540729"
"1990","wyoming","WY","164309","319255","312830"
"1988","alabama","AL","","2949934","2902272"
"1988","alaska","AK","203433","369260","355076"
"1988","arizona","AZ","1204169","2609995","2453008"
"1988","arkansas","AR","","1717388","1689759"
"1988","california","CA","10194539","21249801","17745548"
"1988","colorado","CO","1416265","2396786","2326962"
"1988","connecticut","CT","1461962","2525021","2379976"
"1988","delaware","DE","254973","489696","472293"
"1988","district of columbia","DC","197135","502362","453412"
"1988","florida","FL","","9651236","8778408"
"1988","georgia","GA","","4631342","4461734"
"1988","hawaii","HI","368567","803568","740197"
"1988","idaho","ID","421213","682522","667291"
"1988","illinois","IL","4697192","8410414","7951991"
"1988","indiana","IN","2222811","4045785","3997967"
"1988","iowa","IA","1240854","2052326","2022326"
"1988","kansas","KS","","1808604","1773849"
"1988","kentucky","KY","","2709782","2679262"
"1988","louisiana","LA","","3005785","2940075"
"1988","maine","ME","","901850","888322"
"1988","maryland","MD","1747350","3535730","3324418"
"1988","massachusetts","MA","2689857","4642061","4386748"
"1988","michigan","MI","3745751","6773776","6610688"
"1988","minnesota","MN","2125119","3166668","3086279"
"1988","mississippi","MS","","1815826","1792759"
"1988","missouri","MO","","3769751","3695076"
"1988","montana","MT","378981","573791","567929"
"1988","nebraska","NE","678669","1144305","1125697"
"1988","nevada","NV","354261","823940","768126"
"1988","new hampshire","NH","462503","817358","800809"
"1988","new jersey","NJ","3102502","5904776","5432995"
"1988","new mexico","NM","535694","1046754","1002360"
"1988","new york","NY","6636310","13659215","12296727"
"1988","north carolina","NC","","4903045","4792261"
"1988","north dakota","ND","309100","470652","466891"
"1988","ohio","OH","4505284","7986220","7871910"
"1988","oklahoma","OK","1192815","2300258","2246781"
"1988","oregon","OR","1235199","2055379","1981881"
"1988","pennsylvania","PA","","9037056","8892637"
"1988","rhode island","RI","415963","771407","721720"
"1988","south carolina","SC","1041846","2504635","2453954"
"1988","south dakota","SD","","497633","494125"
"1988","tennessee","TN","","3609081","3552415"
"1988","texas","TX","","11877787","10831136"
"1988","utah","UT","661546","1069800","1043055"
"1988","vermont","VT","270148","411136","404969"
"1988","virginia","VA","","4571637","4395612"
"1988","washington","WA","1923043","3465082","3281254"
"1988","west virginia","WV","","1358249","1348148"
"1988","wisconsin","WI","","3558322","3488430"
"1988","wyoming","WY","186417","320695","315117"
"1986","alabama","AL","","2911819","2868914"
"1986","alaska","AK","182526","364871","351727"
"1986","arizona","AZ","889668","2452624","2318193"
"1986","arkansas","AR","","1706578","1681265"
"1986","california","CA","7617142","20222886","17157466"
"1986","colorado","CO","1096867","2372880","2310300"
"1986","connecticut","CT","1025605","2479722","2344934"
"1986","delaware","DE","165563","470828","455491"
"1986","district of columbia","DC","134158","508553","465899"
"1986","florida","FL","","9158241","8384044"
"1986","georgia","GA","","4450093","4301256"
"1986","hawaii","HI","344416","775534","715189"
"1986","idaho","ID","392909","677205","662890"
"1986","illinois","IL","3322657","8343755","7915455"
"1986","indiana","IN","1619005","3990379","3944291"
"1986","iowa","IA","922094","2049547","2020103"
"1986","kansas","KS","","1788426","1756255"
"1986","kentucky","KY","","2687605","2662088"
"1986","louisiana","LA","","3069021","3014824"
"1986","maine","ME","","870604","858416"
"1986","maryland","MD","1161136","3401061","3216434"
"1986","massachusetts","MA","1777276","4560556","4327968"
"1986","michigan","MI","2468009","6674856","6520617"
"1986","minnesota","MN","1456579","3089544","3022940"
"1986","mississippi","MS","","1804699","1782246"
"1986","missouri","MO","","3717988","3655796"
"1986","montana","MT","326436","577604","571872"
"1986","nebraska","NE","577916","1141336","1123083"
"1986","nevada","NV","264365","747283","700333"
"1986","new hampshire","NH","257410","775686","760166"
"1986","new jersey","NJ","1639330","5819614","5395395"
"1986","new mexico","NM","408621","1026160","987672"
"1986","new york","NY","4481718","13512043","12268721"
"1986","north carolina","NC","","4749053","4651220"
"1986","north dakota","ND","295177","477812","474046"
"1986","ohio","OH","3628870","7891503","7782233"
"1986","oklahoma","OK","934447","2343190","2289981"
"1986","oregon","OR","1088140","1990233","1929736"
"1986","pennsylvania","PA","","8955720","8824095"
"1986","rhode island","RI","322724","756297","711072"
"1986","south carolina","SC","763493","2437430","2392634"
"1986","south dakota","SD","","495833","492273"
"1986","tennessee","TN","","3532177","3478115"
"1986","texas","TX","","11732625","10787588"
"1986","utah","UT","445499","1049339","1024155"
"1986","vermont","VT","211709","396034","389697"
"1986","virginia","VA","","4394143","4239453"
"1986","washington","WA","1358160","3310457","3152180"
"1986","west virginia","WV","449249","1380916","1370831"
"1986","wisconsin","WI","","3495584","3431723"
"1986","wyoming","WY","168615","334385","328923"
"1984","alabama","AL","","2867180","2831999"
"1984","alaska","AK","213173","354410","343113"
"1984","arizona","AZ","1051339","2263826","2150896"
"1984","arkansas","AR","","1689480","1668969"
"1984","california","CA","9796375","19270739","16614618"
"1984","colorado","CO","1343437","2325829","2267395"
"1984","connecticut","CT","1490946","2431057","2301457"
"1984","delaware","DE","258182","455312","442263"
"1984","district of columbia","DC","219193","505550","471707"
"1984","florida","FL","","8656427","7976056"
"1984","georgia","GA","","4243165","4120325"
"1984","hawaii","HI","349253","750909","694128"
"1984","idaho","ID","421935","675772","663031"
"1984","illinois","IL","4969352","8327065","7918579"
"1984","indiana","IN","2268493","3960870","3915894"
"1984","iowa","IA","1339886","2084995","2057855"
"1984","kansas","KS","","1779487","1752110"
"1984","kentucky","KY","","2672424","2643173"
"1984","louisiana","LA","","3072074","3018478"
"1984","maine","ME","","852022","840094"
"1984","maryland","MD","1695924","3278321","3114274"
"1984","massachusetts","MA","2595054","4486676","4271316"
"1984","michigan","MI","3884854","6550877","6405255"
"1984","minnesota","MN","2115317","3039490","2980672"
"1984","mississippi","MS","","1787243","1765799"
"1984","missouri","MO","","3671506","3617211"
"1984","montana","MT","395006","584162","579109"
"1984","nebraska","NE","670781","1152310","1134531"
"1984","nevada","NV","294413","697185","657129"
"1984","new hampshire","NH","406608","732480","718714"
"1984","new jersey","NJ","3215941","5699440","5318500"
"1984","new mexico","NM","522328","990632","956618"
"1984","new york","NY","7000828","13373558","12232979"
"1984","north carolina","NC","","4598151","4510205"
"1984","north dakota","ND","324179","486449","482612"
"1984","ohio","OH","4664223","7836806","7731982"
"1984","oklahoma","OK","1290555","2373014","2325381"
"1984","oregon","OR","1265824","1962501","1907252"
"1984","pennsylvania","PA","","8918353","8789324"
"1984","rhode island","RI","422851","739064","697661"
"1984","south carolina","SC","1018701","2368236","2329803"
"1984","south dakota","SD","","497849","494439"
"1984","tennessee","TN","","3463234","3416825"
"1984","texas","TX","","11397758","10587030"
"1984","utah","UT","641846","1022083","998575"
"1984","vermont","VT","235140","387620","381418"
"1984","virginia","VA","","4234017","4098763"
"1984","washington","WA","1931546","3213263","3072347"
"1984","west virginia","WV","","1401733","1392024"
"1984","wisconsin","WI","","3468053","3409864"
"1984","wyoming","WY","196153","343957","338587"
"1982","alabama","AL","","2813033","2780354"
"1982","alaska","AK","199458","316787","307487"
"1982","arizona","AZ","742923","2112246","2016910"
"1982","arkansas","AR","","1656707","1639748"
"1982","california","CA","8064314","18448245","16162454"
"1982","colorado","CO","1037774","2248839","2197369"
"1982","connecticut","CT","1112428","2369975","2252178"
"1982","delaware","DE","195726","441374","430193"
"1982","district of columbia","DC","","500492","470886"
"1982","florida","FL","","8139171","7564062"
"1982","georgia","GA","","4047788","3944911"
"1982","hawaii","HI","325459","724189","671311"
"1982","idaho","ID","332237","662251","650611"
"1982","illinois","IL","3856875","8284606","7905790"
"1982","indiana","IN","1834225","3921907","3877820"
"1982","iowa","IA","1050495","2094031","2068087"
"1982","kansas","KS","","1761238","1737025"
"1982","kentucky","KY","","2642810","2614877"
"1982","louisiana","LA","","3029834","2982546"
"1982","maine","ME","","828907","818131"
"1982","maryland","MD","1190011","3174995","3035802"
"1982","massachusetts","MA","2103780","4375262","4182750"
"1982","michigan","MI","3135928","6498711","6360322"
"1982","minnesota","MN","1834737","2993256","2944610"
"1982","mississippi","MS","","1762406","1743806"
"1982","missouri","MO","","3615526","3569397"
"1982","montana","MT","328082","574592","569656"
"1982","nebraska","NE","559422","1145316","1129123"
"1982","nevada","NV","242578","655823","620782"
"1982","new hampshire","NH","289057","698424","686106"
"1982","new jersey","NJ","2286925","5563627","5225393"
"1982","new mexico","NM","417945","949133","919605"
"1982","new york","NY","5437367","13150573","12115273"
"1982","north carolina","NC","","4427095","4346062"
"1982","north dakota","ND","272876","480367","476682"
"1982","ohio","OH","3551995","7793022","7689982"
"1982","oklahoma","OK","901488","2346265","2302377"
"1982","oregon","OR","1063913","1946116","1895509"
"1982","pennsylvania","PA","","8869173","8752235"
"1982","rhode island","RI","370928","723060","685184"
"1982","south carolina","SC","688300","2297223","2260339"
"1982","south dakota","SD","","492367","489607"
"1982","tennessee","TN","","3393233","3356651"
"1982","texas","TX","","10910762","10225077"
"1982","utah","UT","537207","984073","962423"
"1982","vermont","VT","172084","379067","373002"
"1982","virginia","VA","","4076585","3958851"
"1982","washington","WA","1404831","3138109","3001446"
"1982","west virginia","WV","","1409116","1399967"
"1982","wisconsin","WI","","3426394","3374489"
"1982","wyoming","WY","172065","349060","344320"
"1980","alabama","AL","","2753078","2727483"
"1980","alaska","AK","162653","277261","270210"
"1980","arizona","AZ","898183","1968947","1890246"
"1980","arkansas","AR","","1624917","1609826"
"1980","california","CA","8775459","17551451","15616072"
"1980","colorado","CO","1225549","2118092","2072174"
"1980","connecticut","CT","1423403","2305904","2200549"
"1980","delaware","DE","239136","430879","421304"
"1980","district of columbia","DC","178434","496230","470755"
"1980","florida","FL","","7575002","7086641"
"1980","georgia","GA","","3870251","3790847"
"1980","hawaii","HI","318026","695906","646903"
"1980","idaho","ID","446045","644004","633527"
"1980","illinois","IL","4868890","8216218","7867454"
"1980","indiana","IN","2275433","3885473","3847706"
"1980","iowa","IA","1314258","2093321","2071140"
"1980","kansas","KS","","1726471","1704986"
"1980","kentucky","KY","","2592185","2561316"
"1980","louisiana","LA","","2910776","2869868"
"1980","maine","ME","","810240","799707"
"1980","maryland","MD","1557709","3081409","2963213"
"1980","massachusetts","MA","2566807","4281265","4110014"
"1980","michigan","MI","3978647","6514790","6375885"
"1980","minnesota","MN","2079451","2929927","2883593"
"1980","mississippi","MS","","1719825","1704320"
"1980","missouri","MO","","3571609","3529787"
"1980","montana","MT","371976","559165","554512"
"1980","nebraska","NE","651281","1129653","1114888"
"1980","nevada","NV","297318","602463","572978"
"1980","new hampshire","NH","402415","671558","660487"
"1980","new jersey","NJ","2999879","5420255","5125248"
"1980","new mexico","NM","464848","897946","873733"
"1980","new york","NY","6359218","12932357","12011490"
"1980","north carolina","NC","","4272156","4202008"
"1980","north dakota","ND","314525","465447","462401"
"1980","ohio","OH","4378937","7732705","7634156"
"1980","oklahoma","OK","1172303","2201257","2162835"
"1980","oregon","OR","1209691","1925651","1880110"
"1980","pennsylvania","PA","","8774885","8661415"
"1980","rhode island","RI","423349","709692","675354"
"1980","south carolina","SC","922397","2212354","2177799"
"1980","south dakota","SD","","486893","484310"
"1980","tennessee","TN","","3318036","3286762"
"1980","texas","TX","","10120613","9572302"
"1980","utah","UT","609691","934767","915137"
"1980","vermont","VT","215500","369147","363241"
"1980","virginia","VA","","3927383","3829400"
"1980","washington","WA","1772904","3037193","2923782"
"1980","west virginia","WV","742150","1396595","1386555"
"1980","wisconsin","WI","","3371087","3321213"
"1980","wyoming","WY","181004","330784","326649"
